instance_type,m,n,p,k,instance_id,method,strategy,lb_type,cost,time_seconds,nodes,status,error
uniform,50,100,0.05,0,0,greedy,,,17.0,0.0010657310485839,1,success,
uniform,50,100,0.05,0,1,greedy,,,18.0,0.0029973983764648,1,success,
uniform,50,100,0.05,0,1,bb,dfs,sum_degree,16.0,0.1107053756713867,759,success,
uniform,50,100,0.05,0,0,bb,dfs,both,16.0,0.1513283252716064,918,success,
uniform,50,100,0.05,0,0,bb,dfs,packing,16.0,0.1767644882202148,2952,success,
uniform,50,100,0.05,0,1,bb,dfs,packing,16.0,0.1742594242095947,1792,success,
uniform,50,100,0.05,0,1,bb,dfs,both,16.0,0.1236803531646728,488,success,
uniform,50,100,0.05,0,2,greedy,,,17.0,0.0009043216705322,1,success,
uniform,50,100,0.05,0,0,bb,dfs,sum_degree,16.0,0.2554788589477539,2145,success,
uniform,50,100,0.05,0,2,bb,dfs,packing,15.0,0.0247681140899658,283,success,
uniform,50,100,0.05,0,2,bb,dfs,both,15.0,0.0395684242248535,164,success,
uniform,50,100,0.05,0,0,bb,best_first,packing,16.0,0.4515635967254638,2079,success,
uniform,50,100,0.05,0,2,bb,dfs,sum_degree,15.0,0.2227301597595214,1153,success,
uniform,50,100,0.05,0,2,bb,best_first,packing,15.0,0.1759271621704101,1469,success,
uniform,50,100,0.05,0,3,greedy,,,24.0,0.0010931491851806,1,success,
uniform,50,100,0.05,0,0,bb,best_first,sum_degree,16.0,0.7187302112579346,1826,success,
uniform,50,100,0.05,0,0,bb,best_first,both,16.0,0.7303781509399414,959,success,
uniform,50,100,0.05,0,3,bb,dfs,packing,21.0,0.0210752487182617,225,success,
uniform,50,100,0.05,0,3,bb,dfs,both,21.0,0.041555643081665,196,success,
uniform,50,100,0.05,0,2,bb,best_first,both,15.0,0.3439610004425049,1072,success,
uniform,50,100,0.05,0,1,bb,best_first,sum_degree,16.0,1.0308103561401367,8111,success,
uniform,50,100,0.05,0,4,greedy,,,17.0,0.0009472370147705,1,success,
uniform,50,100,0.05,0,1,bb,best_first,packing,16.0,1.1629228591918943,8538,success,
uniform,50,100,0.05,0,2,bb,best_first,sum_degree,15.0,1.0615367889404297,5686,success,
uniform,50,100,0.05,0,3,bb,best_first,packing,21.0,0.601921796798706,6344,success,
uniform,50,100,0.05,0,1,bb,best_first,both,16.0,1.22406268119812,5987,success,
uniform,50,100,0.05,0,4,bb,dfs,sum_degree,15.0,0.3783998489379883,1990,success,
uniform,50,100,0.05,0,3,bb,best_first,both,21.0,0.9686825275421144,5492,success,
uniform,50,100,0.05,0,5,greedy,,,19.0,0.0035033226013183,1,success,
uniform,50,100,0.05,0,4,bb,dfs,both,15.0,0.7026031017303467,1449,success,
uniform,50,100,0.05,0,5,bb,dfs,sum_degree,16.0,0.3069610595703125,948,success,
uniform,50,100,0.05,0,4,bb,dfs,packing,15.0,1.0041885375976562,5301,success,
uniform,50,100,0.05,0,5,bb,dfs,both,16.0,0.321315050125122,589,success,
uniform,50,100,0.05,0,5,bb,dfs,packing,16.0,0.3699319362640381,2136,success,
uniform,50,100,0.05,0,5,bb,best_first,sum_degree,16.0,0.6944425106048584,2282,success,
uniform,50,100,0.05,0,6,greedy,,,16.0,0.0033628940582275,1,success,
uniform,50,100,0.05,0,5,bb,best_first,both,16.0,0.6390442848205566,1224,success,
uniform,50,100,0.05,0,5,bb,best_first,packing,16.0,0.6823644638061523,2831,success,
uniform,50,100,0.05,0,6,bb,dfs,packing,16.0,0.0749619007110595,454,success,
uniform,50,100,0.05,0,6,bb,dfs,sum_degree,16.0,0.1461439132690429,514,success,
uniform,50,100,0.05,0,6,bb,dfs,both,16.0,0.0784370899200439,162,success,
uniform,50,100,0.05,0,6,bb,best_first,both,16.0,0.0778963565826416,55,success,
uniform,50,100,0.05,0,7,greedy,,,16.0,0.0014536380767822,1,success,
uniform,50,100,0.05,0,6,bb,best_first,packing,16.0,0.0903630256652832,134,success,
uniform,50,100,0.05,0,7,bb,dfs,sum_degree,14.0,0.0258011817932128,82,success,
uniform,50,100,0.05,0,7,bb,dfs,packing,14.0,0.0577437877655029,263,success,
uniform,50,100,0.05,0,7,bb,dfs,both,14.0,0.0420777797698974,76,success,
uniform,50,100,0.05,0,6,bb,best_first,sum_degree,16.0,0.1816489696502685,173,success,
uniform,50,100,0.05,0,7,bb,best_first,sum_degree,14.0,0.1212432384490966,403,success,
uniform,50,100,0.05,0,8,greedy,,,19.0,0.0019536018371582,1,success,
uniform,50,100,0.05,0,8,bb,dfs,sum_degree,17.0,0.0358600616455078,143,success,
uniform,50,100,0.05,0,7,bb,best_first,both,14.0,0.1828601360321045,346,success,
uniform,50,100,0.05,0,7,bb,best_first,packing,14.0,0.2088236808776855,835,success,
uniform,50,100,0.05,0,8,bb,dfs,packing,17.0,0.0772426128387451,326,success,
uniform,50,100,0.05,0,8,bb,dfs,both,17.0,0.0544345378875732,115,success,
uniform,50,100,0.05,0,8,bb,best_first,sum_degree,17.0,0.230079174041748,989,success,
uniform,50,100,0.05,0,9,greedy,,,17.0,0.0034341812133789,1,success,
uniform,50,100,0.05,0,8,bb,best_first,both,17.0,0.3089609146118164,712,success,
uniform,50,100,0.05,0,8,bb,best_first,packing,17.0,0.5017154216766357,2159,success,
uniform,50,100,0.05,0,9,bb,dfs,sum_degree,15.0,0.3132655620574951,1075,success,
uniform,50,100,0.05,0,3,bb,dfs,sum_degree,21.0,3.631691694259644,20266,success,
uniform,50,100,0.05,0,9,bb,dfs,packing,15.0,0.3601360321044922,1722,success,
uniform,50,100,0.05,0,4,bb,best_first,sum_degree,15.0,2.903858423233032,7315,success,
uniform,50,100,0.05,0,10,greedy,,,15.0,0.0055744647979736,1,success,
uniform,50,100,0.05,0,10,bb,dfs,sum_degree,15.0,0.1994471549987793,550,success,
uniform,50,100,0.05,0,9,bb,dfs,both,15.0,0.4647061824798584,692,success,
uniform,50,100,0.05,0,10,bb,dfs,packing,15.0,0.1140189170837402,462,success,
uniform,50,100,0.05,0,10,bb,dfs,both,15.0,0.1797888278961181,208,success,
uniform,50,100,0.05,0,10,bb,best_first,sum_degree,15.0,0.1994967460632324,190,success,
uniform,50,100,0.05,0,10,bb,best_first,packing,15.0,0.1354830265045166,156,success,
uniform,50,100,0.05,0,11,greedy,,,21.0,0.0039503574371337,1,success,
uniform,50,100,0.05,0,10,bb,best_first,both,15.0,0.1422128677368164,74,success,
uniform,50,100,0.05,0,11,bb,dfs,packing,17.0,0.0677225589752197,357,success,
uniform,50,100,0.05,0,11,bb,dfs,sum_degree,17.0,0.2770161628723144,968,success,
uniform,50,100,0.05,0,11,bb,dfs,both,17.0,0.1312532424926757,329,success,
uniform,50,100,0.05,0,9,bb,best_first,packing,15.0,0.9696452617645264,3535,success,
uniform,50,100,0.05,0,4,bb,best_first,both,15.0,3.675049781799317,5295,success,
uniform,50,100,0.05,0,12,greedy,,,18.0,0.0033833980560302,1,success,
uniform,50,100,0.05,0,12,bb,dfs,sum_degree,18.0,0.1545286178588867,660,success,
uniform,50,100,0.05,0,4,bb,best_first,packing,15.0,4.15792441368103,14301,success,
uniform,50,100,0.05,0,12,bb,dfs,packing,18.0,0.3565614223480224,2709,success,
uniform,50,100,0.05,0,12,bb,dfs,both,18.0,0.2359693050384521,566,success,
uniform,50,100,0.05,0,9,bb,best_first,sum_degree,15.0,1.7795791625976562,4882,success,
uniform,50,100,0.05,0,11,bb,best_first,packing,17.0,0.7394728660583496,4332,success,
uniform,50,100,0.05,0,13,greedy,,,17.0,0.0041685104370117,1,success,
uniform,50,100,0.05,0,12,bb,best_first,sum_degree,18.0,0.1584489345550537,210,success,
uniform,50,100,0.05,0,9,bb,best_first,both,15.0,1.683938980102539,2882,success,
uniform,50,100,0.05,0,13,bb,dfs,sum_degree,17.0,0.0510711669921875,159,success,
uniform,50,100,0.05,0,13,bb,dfs,packing,17.0,0.0773353576660156,552,success,
uniform,50,100,0.05,0,13,bb,best_first,sum_degree,17.0,0.0457842350006103,64,success,
uniform,50,100,0.05,0,13,bb,dfs,both,17.0,0.0540919303894043,108,success,
uniform,50,100,0.05,0,14,greedy,,,16.0,0.0014843940734863,1,success,
uniform,50,100,0.05,0,13,bb,best_first,both,17.0,0.0510077476501464,41,success,
uniform,50,100,0.05,0,13,bb,best_first,packing,17.0,0.0776803493499755,173,success,
uniform,50,100,0.05,0,14,bb,dfs,sum_degree,15.0,0.1006810665130615,460,success,
uniform,50,100,0.05,0,12,bb,best_first,both,18.0,0.2296435832977295,180,success,
uniform,50,100,0.05,0,14,bb,dfs,packing,15.0,0.0785415172576904,672,success,
uniform,50,100,0.05,0,12,bb,best_first,packing,18.0,0.3524725437164306,722,success,
uniform,50,100,0.05,0,15,greedy,,,20.0,0.0028378963470458,1,success,
uniform,50,100,0.05,0,14,bb,dfs,both,15.0,0.1071898937225341,321,success,
uniform,50,100,0.05,0,11,bb,best_first,both,17.0,0.9597249031066896,2378,success,
uniform,50,100,0.05,0,14,bb,best_first,packing,15.0,0.2492690086364746,420,success,
uniform,50,100,0.05,0,14,bb,best_first,both,15.0,0.2563209533691406,202,success,
uniform,50,100,0.05,0,14,bb,best_first,sum_degree,15.0,0.3131494522094726,377,success,
uniform,50,100,0.05,0,11,bb,best_first,sum_degree,17.0,1.4934277534484863,5207,success,
uniform,50,100,0.05,0,16,greedy,,,16.0,0.0026202201843261,1,success,
uniform,50,100,0.05,0,16,bb,dfs,sum_degree,15.0,0.0870165824890136,312,success,
uniform,50,100,0.05,0,15,bb,dfs,sum_degree,18.0,0.7924826145172119,3518,success,
uniform,50,100,0.05,0,16,bb,dfs,packing,15.0,0.2851536273956299,2274,success,
uniform,50,100,0.05,0,16,bb,dfs,both,15.0,0.0770087242126464,193,success,
uniform,50,100,0.05,0,15,bb,dfs,both,18.0,0.9637537002563475,2445,success,
uniform,50,100,0.05,0,16,bb,best_first,sum_degree,15.0,0.5915708541870117,821,success,
uniform,50,100,0.05,0,17,greedy,,,18.0,0.0008676052093505,1,success,
uniform,50,100,0.05,0,16,bb,best_first,packing,15.0,0.6963834762573242,3225,success,
uniform,50,100,0.05,0,15,bb,dfs,packing,18.0,1.5706899166107178,12240,success,
uniform,50,100,0.05,0,16,bb,best_first,both,15.0,0.6663472652435303,718,success,
uniform,50,100,0.05,0,3,bb,best_first,sum_degree,21.0,8.505225419998169,40858,success,
uniform,50,100,0.05,0,15,bb,best_first,sum_degree,18.0,5.718565464019775,26638,success,
uniform,50,100,0.05,0,15,bb,best_first,packing,18.0,6.311634540557861,36171,success,
uniform,50,100,0.05,0,18,greedy,,,19.0,0.0036487579345703,1,success,
uniform,50,100,0.05,0,15,bb,best_first,both,18.0,6.783629417419434,19861,success,
uniform,50,100,0.05,0,18,bb,dfs,sum_degree,17.0,1.8779606819152832,8161,success,
uniform,50,100,0.05,0,18,bb,dfs,packing,17.0,3.2721714973449707,21791,success,
uniform,50,100,0.05,0,18,bb,dfs,both,17.0,1.9279959201812744,4575,success,
uniform,50,100,0.05,0,17,bb,dfs,both,17.0,11.77025842666626,27862,success,
uniform,50,100,0.05,0,17,bb,dfs,sum_degree,17.0,12.374602556228638,51124,success,
uniform,50,100,0.05,0,19,greedy,,,21.0,0.003589391708374,1,success,
uniform,50,100,0.05,0,18,bb,best_first,sum_degree,17.0,4.076993227005005,14638,success,
uniform,50,100,0.05,0,19,bb,dfs,sum_degree,18.0,1.0758836269378662,3774,success,
uniform,50,100,0.05,0,19,bb,dfs,packing,18.0,0.7732729911804199,3886,success,
uniform,50,100,0.05,0,19,bb,dfs,both,18.0,0.7593622207641602,1803,success,
uniform,50,100,0.05,0,18,bb,best_first,packing,17.0,6.069729804992676,24529,success,
uniform,50,100,0.05,0,18,bb,best_first,both,17.0,3.36560583114624,7004,success,
uniform,50,100,0.05,0,20,greedy,,,17.0,0.0009331703186035,1,success,
uniform,50,100,0.05,0,20,bb,dfs,sum_degree,16.0,0.113797903060913,882,success,
uniform,50,100,0.05,0,17,bb,dfs,packing,17.0,15.285658597946169,101984,success,
uniform,50,100,0.05,0,20,bb,dfs,both,16.0,0.1447343826293945,674,success,
uniform,50,100,0.05,0,20,bb,dfs,packing,16.0,0.1474614143371582,2033,success,
uniform,50,100,0.05,0,20,bb,best_first,sum_degree,16.0,0.2114584445953369,556,success,
uniform,50,100,0.05,0,20,bb,best_first,packing,16.0,0.3862032890319824,1702,success,
uniform,50,100,0.05,0,21,greedy,,,17.0,0.0021066665649414,1,success,
uniform,50,100,0.05,0,20,bb,best_first,both,16.0,0.2976317405700683,455,success,
uniform,50,100,0.05,0,19,bb,best_first,packing,18.0,2.143307685852051,17629,success,
uniform,50,100,0.05,0,21,bb,dfs,sum_degree,16.0,0.5753052234649658,1827,success,
uniform,50,100,0.05,0,19,bb,best_first,sum_degree,18.0,3.6049771308898926,19436,success,
uniform,50,100,0.05,0,21,bb,dfs,both,16.0,0.969571590423584,1518,success,
uniform,50,100,0.05,0,21,bb,dfs,packing,16.0,1.2983384132385254,4978,success,
uniform,50,100,0.05,0,22,greedy,,,17.0,0.0015184879302978,1,success,
uniform,50,100,0.05,0,22,bb,dfs,sum_degree,16.0,0.2359476089477539,1200,success,
uniform,50,100,0.05,0,22,bb,dfs,packing,16.0,0.1177597045898437,1427,success,
uniform,50,100,0.05,0,22,bb,dfs,both,16.0,0.1400654315948486,423,success,
uniform,50,100,0.05,0,22,bb,best_first,sum_degree,16.0,0.4956457614898681,909,success,
uniform,50,100,0.05,0,19,bb,best_first,both,18.0,3.6231884956359854,10629,success,
uniform,50,100,0.05,0,22,bb,best_first,both,16.0,0.3084995746612549,340,success,
uniform,50,100,0.05,0,23,greedy,,,17.0,0.0034759044647216,1,success,
uniform,50,100,0.05,0,23,bb,dfs,sum_degree,16.0,0.1028523445129394,328,success,
uniform,50,100,0.05,0,23,bb,dfs,packing,16.0,0.1559970378875732,848,success,
uniform,50,100,0.05,0,23,bb,dfs,both,16.0,0.1317141056060791,259,success,
uniform,50,100,0.05,0,22,bb,best_first,packing,16.0,1.0831184387207031,4088,success,
uniform,50,100,0.05,0,21,bb,best_first,sum_degree,16.0,3.3792154788970947,3092,success,
uniform,50,100,0.05,0,23,bb,best_first,sum_degree,16.0,0.8142378330230713,1120,success,
uniform,50,100,0.05,0,24,greedy,,,19.0,0.0034728050231933,1,success,
uniform,50,100,0.05,0,23,bb,best_first,packing,16.0,0.8148143291473389,1947,success,
uniform,50,100,0.05,0,24,bb,dfs,sum_degree,17.0,0.134775161743164,747,success,
uniform,50,100,0.05,0,24,bb,dfs,both,17.0,0.1563529968261718,492,success,
uniform,50,100,0.05,0,24,bb,dfs,packing,17.0,0.4237692356109619,3400,success,
uniform,50,100,0.05,0,24,bb,best_first,sum_degree,17.0,0.3961637020111084,1884,success,
uniform,50,100,0.05,0,23,bb,best_first,both,16.0,1.0430395603179932,943,success,
uniform,50,100,0.05,0,25,greedy,,,17.0,0.001556396484375,1,success,
uniform,50,100,0.05,0,21,bb,best_first,packing,16.0,3.842831611633301,5374,success,
uniform,50,100,0.05,0,24,bb,best_first,both,17.0,0.3712310791015625,901,success,
uniform,50,100,0.05,0,21,bb,best_first,both,16.0,3.911670923233032,2043,success,
uniform,50,100,0.05,0,25,bb,dfs,sum_degree,15.0,0.3108930587768554,1032,success,
uniform,50,100,0.05,0,24,bb,best_first,packing,17.0,0.8341572284698486,4395,success,
uniform,50,100,0.05,0,25,bb,dfs,both,15.0,0.3847677707672119,785,success,
uniform,50,100,0.05,0,26,greedy,,,20.0,0.0017659664154052,1,success,
uniform,50,100,0.05,0,26,bb,dfs,sum_degree,17.0,0.1071023941040039,456,success,
uniform,50,100,0.05,0,25,bb,dfs,packing,15.0,0.5390393733978271,3245,success,
uniform,50,100,0.05,0,26,bb,dfs,packing,17.0,0.0627534389495849,490,success,
uniform,50,100,0.05,0,26,bb,dfs,both,17.0,0.0836131572723388,232,success,
uniform,50,100,0.05,0,26,bb,best_first,packing,17.0,0.1619181632995605,1090,success,
uniform,50,100,0.05,0,26,bb,best_first,sum_degree,17.0,0.7040472030639648,4043,success,
uniform,50,100,0.05,0,27,greedy,,,17.0,0.0033648014068603,1,success,
uniform,50,100,0.05,0,26,bb,best_first,both,17.0,0.6788327693939209,2596,success,
uniform,50,100,0.05,0,27,bb,dfs,packing,17.0,0.0038135051727294,1,success,
uniform,50,100,0.05,0,27,bb,dfs,both,17.0,0.004241943359375,1,success,
uniform,50,100,0.05,0,27,bb,dfs,sum_degree,17.0,0.2280406951904297,810,success,
uniform,50,100,0.05,0,27,bb,best_first,packing,17.0,0.0020878314971923,1,success,
uniform,50,100,0.05,0,27,bb,best_first,both,17.0,0.0025126934051513,1,success,
uniform,50,100,0.05,0,28,greedy,,,16.0,0.0015099048614501,1,success,
uniform,50,100,0.05,0,28,bb,dfs,sum_degree,15.0,0.0460081100463867,135,success,
uniform,50,100,0.05,0,28,bb,dfs,packing,15.0,0.0584616661071777,301,success,
uniform,50,100,0.05,0,28,bb,dfs,both,15.0,0.0547840595245361,116,success,
uniform,50,100,0.05,0,27,bb,best_first,sum_degree,17.0,0.2289216518402099,286,success,
uniform,50,100,0.05,0,28,bb,best_first,sum_degree,15.0,0.1785624027252197,304,success,
uniform,50,100,0.05,0,25,bb,best_first,sum_degree,15.0,1.955610752105713,8027,success,
uniform,50,100,0.05,0,29,greedy,,,16.0,0.0035560131072998,1,success,
uniform,50,100,0.05,0,28,bb,best_first,packing,15.0,0.3402724266052246,865,success,
uniform,50,100,0.05,0,28,bb,best_first,both,15.0,0.2618610858917236,264,success,
uniform,50,100,0.05,0,29,bb,dfs,packing,14.0,0.1071879863739013,393,success,
uniform,50,100,0.05,0,29,bb,dfs,both,14.0,0.2025024890899658,378,success,
uniform,50,100,0.05,0,29,bb,dfs,sum_degree,14.0,0.3170492649078369,1063,success,
uniform,50,100,0.05,0,25,bb,best_first,packing,15.0,2.523310899734497,11285,success,
uniform,50,100,0.1,0,0,greedy,,,11.0,0.0013682842254638,1,success,
uniform,50,100,0.05,0,25,bb,best_first,both,15.0,2.366974115371704,5342,success,
uniform,50,100,0.05,0,29,bb,best_first,packing,14.0,0.7688872814178467,3010,success,
uniform,50,100,0.05,0,29,bb,best_first,both,14.0,0.8092224597930908,1757,success,
uniform,50,100,0.1,0,0,bb,dfs,sum_degree,10.0,0.8024661540985107,1544,success,
uniform,50,100,0.05,0,29,bb,best_first,sum_degree,14.0,1.261406421661377,4298,success,
uniform,50,100,0.1,0,0,bb,dfs,both,10.0,1.172957181930542,1481,success,
uniform,50,100,0.1,0,1,greedy,,,10.0,0.0028462409973144,1,success,
uniform,50,100,0.1,0,0,bb,dfs,packing,10.0,5.235262870788574,17207,success,
uniform,50,100,0.1,0,1,bb,dfs,sum_degree,10.0,6.217185497283936,14152,success,
uniform,50,100,0.1,0,0,bb,best_first,sum_degree,10.0,7.712151765823364,3144,success,
uniform,50,100,0.1,0,0,bb,best_first,both,10.0,14.153362274169922,2915,success,
uniform,50,100,0.1,0,1,bb,best_first,sum_degree,10.0,7.783438205718994,2424,success,
uniform,50,100,0.05,0,17,bb,best_first,packing,18.0,42.22067737579346,61254,success,
uniform,50,100,0.1,0,2,greedy,,,11.0,0.0010390281677246,1,success,
uniform,50,100,0.1,0,1,bb,dfs,both,10.0,12.31818675994873,13163,success,
uniform,50,100,0.1,0,2,bb,dfs,sum_degree,10.0,0.440439224243164,1119,success,
uniform,50,100,0.1,0,2,bb,dfs,both,10.0,0.8207995891571045,1114,success,
uniform,50,100,0.1,0,2,bb,dfs,packing,10.0,4.583094358444214,19027,success,
uniform,50,100,0.1,0,2,bb,best_first,sum_degree,10.0,4.386902332305908,2219,success,
uniform,50,100,0.1,0,1,bb,best_first,both,10.0,9.992745876312256,2251,success,
uniform,50,100,0.1,0,3,greedy,,,11.0,0.0023376941680908,1,success,
uniform,50,100,0.1,0,3,bb,dfs,sum_degree,9.0,0.434398889541626,1189,success,
uniform,50,100,0.1,0,3,bb,dfs,packing,9.0,1.5181174278259275,7384,success,
uniform,50,100,0.1,0,3,bb,dfs,both,9.0,0.7816202640533447,1172,success,
uniform,50,100,0.1,0,3,bb,best_first,sum_degree,9.0,1.8266830444335935,3911,success,
uniform,50,100,0.1,0,2,bb,best_first,both,10.0,6.1694111824035645,2127,success,
uniform,50,100,0.1,0,1,bb,dfs,packing,10.0,26.81108403205872,95015,success,
uniform,50,100,0.1,0,4,greedy,,,11.0,0.0035250186920166,1,success,
uniform,50,100,0.1,0,4,bb,dfs,sum_degree,9.0,0.5776195526123047,1362,success,
uniform,50,100,0.1,0,3,bb,best_first,both,9.0,3.227578639984131,3393,success,
uniform,50,100,0.1,0,4,bb,dfs,both,9.0,0.8319768905639648,1207,success,
uniform,50,100,0.1,0,4,bb,dfs,packing,9.0,3.40689468383789,14232,success,
uniform,50,100,0.1,0,3,bb,best_first,packing,9.0,5.662168741226196,12791,success,
uniform,50,100,0.1,0,1,bb,best_first,packing,10.0,24.018706560134888,15513,success,
uniform,50,100,0.1,0,5,greedy,,,13.0,0.0019252300262451,1,success,
uniform,50,100,0.1,0,5,bb,dfs,sum_degree,10.0,0.598966121673584,1434,success,
uniform,50,100,0.1,0,4,bb,best_first,sum_degree,9.0,4.723807334899902,11689,success,
uniform,50,100,0.1,0,5,bb,dfs,both,10.0,0.9526205062866212,1382,success,
uniform,50,100,0.1,0,4,bb,best_first,both,9.0,6.769213438034058,10157,success,
uniform,50,100,0.1,0,0,bb,best_first,packing,10.0,43.24437880516052,29178,success,
uniform,50,100,0.1,0,5,bb,best_first,sum_degree,10.0,2.794541358947754,6859,success,
uniform,50,100,0.1,0,6,greedy,,,10.0,0.0013380050659179,1,success,
uniform,50,100,0.1,0,5,bb,dfs,packing,10.0,5.391057014465332,24873,success,
uniform,50,100,0.1,0,4,bb,best_first,packing,9.0,9.499255180358888,36732,success,
uniform,50,100,0.1,0,2,bb,best_first,packing,10.0,20.909267902374268,25129,success,
uniform,50,100,0.1,0,6,bb,dfs,sum_degree,10.0,1.9573004245758057,7809,success,
uniform,50,100,0.1,0,5,bb,best_first,both,10.0,3.0970754623413086,6584,success,
uniform,50,100,0.1,0,6,bb,best_first,sum_degree,10.0,2.3719913959503174,1323,success,
uniform,50,100,0.1,0,7,greedy,,,12.0,0.0014653205871582,1,success,
uniform,50,100,0.1,0,7,bb,dfs,sum_degree,10.0,1.1655075550079346,3040,success,
uniform,50,100,0.1,0,6,bb,dfs,both,10.0,4.346132040023804,7383,success,
uniform,50,100,0.1,0,7,bb,dfs,both,10.0,1.5058104991912842,2364,success,
uniform,50,100,0.1,0,6,bb,best_first,both,10.0,4.915316820144653,1253,success,
uniform,50,100,0.1,0,7,bb,dfs,packing,10.0,3.159930467605591,14162,success,
uniform,50,100,0.1,0,5,bb,best_first,packing,13.0,15.552968978881836,11319,success,
uniform,50,100,0.1,0,8,greedy,,,9.0,0.0011103153228759,1,success,
uniform,50,100,0.1,0,8,bb,dfs,sum_degree,9.0,0.2894189357757568,517,success,
uniform,50,100,0.1,0,8,bb,dfs,packing,9.0,0.4404711723327636,1588,success,
uniform,50,100,0.1,0,8,bb,dfs,both,9.0,0.3122870922088623,372,success,
uniform,50,100,0.1,0,8,bb,best_first,sum_degree,9.0,0.2850239276885986,115,success,
uniform,50,100,0.1,0,8,bb,best_first,packing,9.0,0.4521560668945312,291,success,
uniform,50,100,0.1,0,8,bb,best_first,both,9.0,0.3073933124542236,81,success,
uniform,50,100,0.1,0,9,greedy,,,11.0,0.0034410953521728,1,success,
uniform,50,100,0.1,0,7,bb,best_first,sum_degree,10.0,9.36596393585205,23858,success,
uniform,50,100,0.1,0,7,bb,best_first,both,10.0,11.03515911102295,16749,success,
uniform,50,100,0.1,0,6,bb,dfs,packing,10.0,18.747535228729248,92313,success,
uniform,50,100,0.1,0,6,bb,best_first,packing,10.0,18.56918811798096,15452,success,
uniform,50,100,0.1,0,9,bb,dfs,sum_degree,10.0,4.292254209518433,13063,success,
uniform,50,100,0.05,0,17,bb,best_first,sum_degree,17.0,94.19126200675964,135394,success,
uniform,50,100,0.1,0,10,greedy,,,10.0,0.0045869350433349,1,success,
uniform,50,100,0.1,0,10,bb,dfs,sum_degree,9.0,0.3905401229858398,769,success,
uniform,50,100,0.1,0,7,bb,best_first,packing,12.0,18.9912223815918,16171,success,
uniform,50,100,0.1,0,9,bb,dfs,both,10.0,7.894322156906128,12606,success,
uniform,50,100,0.1,0,10,bb,dfs,both,9.0,0.5799765586853027,769,success,
uniform,50,100,0.1,0,10,bb,best_first,sum_degree,9.0,1.5517206192016602,629,success,
uniform,50,100,0.1,0,10,bb,dfs,packing,9.0,4.220660924911499,19527,success,
uniform,50,100,0.1,0,11,greedy,,,11.0,0.0013496875762939,1,success,
uniform,50,100,0.1,0,10,bb,best_first,both,9.0,2.5776944160461426,626,success,
uniform,50,100,0.1,0,11,bb,dfs,sum_degree,9.0,0.6478121280670166,1340,success,
uniform,50,100,0.1,0,11,bb,dfs,both,9.0,1.0623173713684082,1303,success,
uniform,50,100,0.1,0,11,bb,dfs,packing,9.0,2.8312275409698486,11086,success,
uniform,50,100,0.05,0,17,bb,best_first,both,17.0,98.73329854011536,87921,success,
uniform,50,100,0.1,0,11,bb,best_first,sum_degree,9.0,5.815142154693604,13595,success,
uniform,50,100,0.1,0,12,greedy,,,10.0,0.0023028850555419,1,success,
uniform,50,100,0.1,0,12,bb,dfs,sum_degree,9.0,0.6186428070068359,1544,success,
uniform,50,100,0.1,0,10,bb,best_first,packing,9.0,13.48469305038452,12371,success,
uniform,50,100,0.1,0,12,bb,dfs,both,9.0,1.0413236618041992,1533,success,
uniform,50,100,0.1,0,11,bb,best_first,both,9.0,7.3119566440582275,12740,success,
uniform,50,100,0.1,0,12,bb,dfs,packing,9.0,3.509160280227661,18558,success,
uniform,50,100,0.1,0,9,bb,best_first,packing,11.0,24.91262626647949,14824,success,
uniform,50,100,0.1,0,13,greedy,,,9.0,0.0023951530456542,1,success,
uniform,50,100,0.1,0,13,bb,dfs,sum_degree,9.0,0.4704065322875976,898,success,
uniform,50,100,0.1,0,13,bb,dfs,packing,9.0,2.136862277984619,7681,success,
uniform,50,100,0.1,0,13,bb,dfs,both,9.0,0.7872922420501709,845,success,
uniform,50,100,0.1,0,13,bb,best_first,sum_degree,9.0,0.4903814792633056,164,success,
uniform,50,100,0.1,0,12,bb,best_first,sum_degree,9.0,8.123415231704712,3705,success,
uniform,50,100,0.1,0,13,bb,best_first,both,9.0,0.7361798286437988,154,success,
uniform,50,100,0.1,0,14,greedy,,,10.0,0.0012776851654052,1,success,
uniform,50,100,0.1,0,11,bb,best_first,packing,9.0,16.717978715896606,57088,success,
uniform,50,100,0.1,0,13,bb,best_first,packing,9.0,2.216474294662476,1322,success,
uniform,50,100,0.1,0,14,bb,dfs,sum_degree,9.0,2.0758168697357178,4933,success,
uniform,50,100,0.1,0,14,bb,dfs,both,9.0,3.2866787910461426,4584,success,
uniform,50,100,0.1,0,12,bb,best_first,both,9.0,13.17437219619751,3467,success,
uniform,50,100,0.1,0,14,bb,dfs,packing,9.0,7.766984462738037,34418,success,
uniform,50,100,0.1,0,15,greedy,,,12.0,0.0015087127685546,1,success,
uniform,50,100,0.1,0,9,bb,best_first,sum_degree,10.0,39.81834888458252,18698,success,
uniform,50,100,0.1,0,9,bb,dfs,packing,10.0,43.18823552131653,214148,success,
uniform,50,100,0.1,0,15,bb,dfs,sum_degree,10.0,3.991675853729248,10809,success,
uniform,50,100,0.1,0,15,bb,dfs,both,10.0,6.645484924316406,10420,success,
uniform,50,100,0.1,0,14,bb,best_first,sum_degree,9.0,15.537100553512571,8112,success,
uniform,50,100,0.1,0,15,bb,best_first,sum_degree,10.0,9.152461767196655,24953,success,
uniform,50,100,0.1,0,16,greedy,,,10.0,0.0028154850006103,1,success,
uniform,50,100,0.1,0,16,bb,dfs,sum_degree,10.0,1.0694527626037598,2436,success,
uniform,50,100,0.1,0,12,bb,best_first,packing,9.0,31.74220561981201,31584,success,
uniform,50,100,0.1,0,16,bb,dfs,both,10.0,1.7078258991241455,2338,success,
uniform,50,100,0.1,0,16,bb,best_first,sum_degree,10.0,1.088491916656494,454,success,
uniform,50,100,0.1,0,16,bb,dfs,packing,10.0,5.340915203094482,24389,success,
uniform,50,100,0.1,0,14,bb,best_first,both,9.0,23.742735385894772,7663,success,
uniform,50,100,0.1,0,17,greedy,,,12.0,0.0028121471405029,1,success,
uniform,50,100,0.1,0,16,bb,best_first,both,10.0,1.7516872882843018,436,success,
uniform,50,100,0.1,0,16,bb,best_first,packing,10.0,5.420830249786377,4207,success,
uniform,50,100,0.1,0,17,bb,dfs,sum_degree,10.0,2.974400043487549,6663,success,
uniform,50,100,0.1,0,9,bb,best_first,both,10.0,62.459911584854126,17875,success,
uniform,50,100,0.1,0,15,bb,best_first,packing,12.0,17.21431589126587,11947,success,
uniform,50,100,0.1,0,15,bb,best_first,both,10.0,16.25220012664795,23833,success,
uniform,50,100,0.1,0,18,greedy,,,11.0,0.0014164447784423,1,success,
uniform,50,100,0.1,0,17,bb,dfs,both,10.0,4.563877105712891,6159,success,
uniform,50,100,0.1,0,18,bb,dfs,sum_degree,10.0,2.6057288646698,6304,success,
uniform,50,100,0.1,0,15,bb,dfs,packing,10.0,28.53583002090454,162465,success,
uniform,50,100,0.1,0,18,bb,dfs,both,10.0,3.807217359542847,5552,success,
uniform,50,100,0.1,0,14,bb,best_first,packing,9.0,41.493969202041626,47867,success,
uniform,50,100,0.1,0,17,bb,dfs,packing,10.0,16.948471307754517,85013,success,
uniform,50,100,0.1,0,19,greedy,,,9.0,0.0011732578277587,1,success,
uniform,50,100,0.1,0,19,bb,dfs,sum_degree,9.0,0.2252697944641113,374,success,
uniform,50,100,0.1,0,19,bb,dfs,packing,9.0,1.8188533782958984,5897,success,
uniform,50,100,0.1,0,17,bb,best_first,packing,12.0,16.039325714111328,11507,success,
uniform,50,100,0.1,0,19,bb,dfs,both,9.0,0.3884625434875488,374,success,
uniform,50,100,0.1,0,19,bb,best_first,sum_degree,9.0,0.2470152378082275,68,success,
uniform,50,100,0.1,0,19,bb,best_first,both,9.0,0.3599517345428467,68,success,
uniform,50,100,0.1,0,20,greedy,,,11.0,0.0034384727478027,1,success,
uniform,50,100,0.1,0,19,bb,best_first,packing,9.0,1.8493092060089111,927,success,
uniform,50,100,0.1,0,20,bb,dfs,sum_degree,10.0,2.1100082397460938,4532,success,
uniform,50,100,0.1,0,18,bb,dfs,packing,10.0,15.079619884490969,74696,success,
uniform,50,100,0.1,0,20,bb,dfs,both,10.0,3.62366795539856,4445,success,
uniform,50,100,0.1,0,17,bb,best_first,sum_degree,12.0,25.25563216209412,11971,success,
uniform,50,100,0.1,0,18,bb,best_first,sum_degree,10.0,23.51106572151184,13165,success,
uniform,50,100,0.1,0,21,greedy,,,12.0,0.0015316009521484,1,success,
uniform,50,100,0.1,0,21,bb,dfs,sum_degree,10.0,3.4176459312438965,7255,success,
uniform,50,100,0.1,0,20,bb,dfs,packing,10.0,14.618320941925049,60681,success,
uniform,50,100,0.1,0,20,bb,best_first,sum_degree,10.0,16.86276865005493,8390,success,
uniform,50,100,0.1,0,21,bb,dfs,both,10.0,3.5842459201812744,6178,success,
uniform,50,100,0.1,0,18,bb,best_first,packing,11.0,30.5327787399292,25099,success,
uniform,50,100,0.1,0,17,bb,best_first,both,12.0,38.055217027664185,12087,success,
uniform,50,100,0.1,0,22,greedy,,,12.0,0.0025997161865234,1,success,
uniform,50,100,0.1,0,21,bb,dfs,packing,10.0,7.118222713470459,36402,success,
uniform,50,100,0.1,0,22,bb,dfs,sum_degree,10.0,2.1132161617279053,5115,success,
uniform,50,100,0.1,0,22,bb,dfs,packing,10.0,4.748612642288208,18423,success,
uniform,50,100,0.1,0,22,bb,dfs,both,10.0,2.816872358322144,4014,success,
uniform,50,100,0.1,0,18,bb,best_first,both,10.0,33.91441035270691,11713,success,
uniform,50,100,0.1,0,20,bb,best_first,both,10.0,25.916723251342773,8019,success,
uniform,50,100,0.1,0,23,greedy,,,10.0,0.0072250366210937,1,success,
uniform,50,100,0.1,0,23,bb,dfs,sum_degree,9.0,0.7116494178771973,1388,success,
uniform,50,100,0.1,0,22,bb,best_first,sum_degree,10.0,9.744091987609863,20294,success,
uniform,50,100,0.1,0,23,bb,dfs,both,9.0,1.1285004615783691,1347,success,
uniform,50,100,0.1,0,21,bb,best_first,sum_degree,10.0,18.73801016807556,41457,success,
uniform,50,100,0.1,0,23,bb,dfs,packing,9.0,3.9383704662323,13367,success,
uniform,50,100,0.1,0,21,bb,best_first,packing,12.0,19.95788049697876,14213,success,
uniform,50,100,0.1,0,24,greedy,,,11.0,0.003425121307373,1,success,
uniform,50,100,0.1,0,23,bb,best_first,sum_degree,9.0,4.893805503845215,2145,success,
uniform,50,100,0.1,0,22,bb,best_first,both,10.0,12.34451174736023,15967,success,
uniform,50,100,0.1,0,24,bb,dfs,sum_degree,9.0,3.948478937149048,8567,success,
uniform,50,100,0.1,0,23,bb,best_first,both,9.0,6.851129531860352,2067,success,
uniform,50,100,0.1,0,22,bb,best_first,packing,10.0,19.009621143341064,49465,success,
uniform,50,100,0.1,0,21,bb,best_first,both,10.0,24.17729640007019,34228,success,
uniform,50,100,0.1,0,25,greedy,,,9.0,0.0007436275482177,1,success,
uniform,50,100,0.1,0,25,bb,dfs,sum_degree,9.0,0.2479045391082763,784,success,
uniform,50,100,0.1,0,24,bb,dfs,both,9.0,4.19585919380188,7950,success,
uniform,50,100,0.1,0,25,bb,dfs,both,9.0,0.6778213977813721,774,success,
uniform,50,100,0.1,0,25,bb,best_first,sum_degree,9.0,0.4115450382232666,135,success,
uniform,50,100,0.1,0,25,bb,dfs,packing,9.0,2.7452781200408936,9926,success,
uniform,50,100,0.1,0,25,bb,best_first,both,9.0,0.7123069763183594,133,success,
uniform,50,100,0.1,0,26,greedy,,,9.0,0.0024209022521972,1,success,
uniform,50,100,0.1,0,24,bb,best_first,sum_degree,9.0,6.3023645877838135,14725,success,
uniform,50,100,0.1,0,26,bb,dfs,sum_degree,9.0,1.141707420349121,2567,success,
uniform,50,100,0.1,0,25,bb,best_first,packing,9.0,2.733788013458252,1585,success,
uniform,50,100,0.1,0,26,bb,best_first,sum_degree,9.0,1.1248247623443604,469,success,
uniform,50,100,0.1,0,26,bb,dfs,both,9.0,1.8404653072357176,2436,success,
uniform,50,100,0.1,0,26,bb,dfs,packing,9.0,3.539229154586792,15185,success,
uniform,50,100,0.1,0,27,greedy,,,10.0,0.0013380050659179,1,success,
uniform,50,100,0.1,0,27,bb,dfs,sum_degree,9.0,1.0699281692504885,1807,success,
uniform,50,100,0.1,0,26,bb,best_first,both,9.0,1.970566749572754,443,success,
uniform,50,100,0.1,0,26,bb,best_first,packing,9.0,3.443953514099121,2499,success,
uniform,50,100,0.1,0,27,bb,dfs,both,9.0,1.821927785873413,1780,success,
uniform,50,100,0.1,0,24,bb,best_first,both,9.0,11.916266679763794,13351,success,
uniform,50,100,0.1,0,23,bb,best_first,packing,9.0,21.49788808822632,21158,success,
uniform,50,100,0.1,0,28,greedy,,,9.0,0.0036261081695556,1,success,
uniform,50,100,0.1,0,28,bb,dfs,sum_degree,9.0,0.8727457523345947,1884,success,
uniform,50,100,0.1,0,27,bb,dfs,packing,9.0,8.076587915420532,29405,success,
uniform,50,100,0.1,0,28,bb,dfs,packing,9.0,3.203187704086304,12211,success,
uniform,50,100,0.1,0,24,bb,dfs,packing,9.0,20.91887903213501,92659,success,
uniform,50,100,0.1,0,28,bb,dfs,both,9.0,1.356903076171875,1690,success,
uniform,50,100,0.1,0,27,bb,best_first,sum_degree,9.0,8.291941165924072,3018,success,
uniform,50,100,0.1,0,29,greedy,,,10.0,0.0048358440399169,1,success,
uniform,50,100,0.1,0,28,bb,best_first,sum_degree,9.0,0.957090139389038,326,success,
uniform,50,100,0.1,0,28,bb,best_first,both,9.0,1.2954769134521484,292,success,
uniform,50,100,0.1,0,29,bb,dfs,sum_degree,9.0,1.528714895248413,3794,success,
uniform,50,100,0.1,0,28,bb,best_first,packing,9.0,2.983123302459717,1977,success,
uniform,50,100,0.1,0,29,bb,dfs,both,9.0,2.293287754058838,3419,success,
uniform,50,100,0.1,0,24,bb,best_first,packing,11.0,23.69179463386536,12780,success,
uniform,50,100,0.2,0,0,greedy,,,6.0,0.0031180381774902,1,success,
uniform,50,100,0.1,0,29,bb,best_first,sum_degree,9.0,3.723738670349121,1660,success,
uniform,50,100,0.1,0,20,bb,best_first,packing,10.0,63.79528260231018,75255,success,
uniform,50,100,0.2,0,0,bb,dfs,sum_degree,6.0,1.1176364421844482,1451,success,
uniform,50,100,0.1,0,29,bb,dfs,packing,9.0,6.595618724822998,29389,success,
uniform,50,100,0.1,0,27,bb,best_first,both,9.0,13.326724529266356,2864,success,
uniform,50,100,0.2,0,0,bb,dfs,both,6.0,1.7212738990783691,1451,success,
uniform,50,100,0.2,0,1,greedy,,,6.0,0.0031733512878417,1,success,
uniform,50,100,0.2,0,0,bb,best_first,sum_degree,6.0,1.143902063369751,139,success,
uniform,50,100,0.2,0,0,bb,best_first,both,6.0,1.5704450607299805,139,success,
uniform,50,100,0.1,0,29,bb,best_first,both,9.0,5.383169412612915,1475,success,
uniform,50,100,0.2,0,1,bb,dfs,sum_degree,6.0,1.606987476348877,2297,success,
uniform,50,100,0.2,0,1,bb,best_first,sum_degree,6.0,1.1008915901184082,186,success,
uniform,50,100,0.1,0,29,bb,best_first,packing,9.0,7.572450876235962,9714,success,
uniform,50,100,0.2,0,2,greedy,,,6.0,0.000680923461914,1,success,
uniform,50,100,0.2,0,1,bb,dfs,both,6.0,1.7104861736297607,2297,success,
uniform,50,100,0.2,0,2,bb,dfs,sum_degree,6.0,0.9628326892852784,1846,success,
uniform,50,100,0.2,0,1,bb,best_first,both,6.0,2.4547510147094727,186,success,
uniform,50,100,0.2,0,2,bb,dfs,both,6.0,2.002673387527466,1846,success,
uniform,50,100,0.2,0,2,bb,best_first,sum_degree,6.0,1.3049538135528564,166,success,
uniform,50,100,0.2,0,2,bb,best_first,both,6.0,2.033041715621948,166,success,
uniform,50,100,0.2,0,3,greedy,,,7.0,0.0032072067260742,1,success,
uniform,50,100,0.2,0,0,bb,dfs,packing,6.0,11.217200994491575,50237,success,
uniform,50,100,0.2,0,3,bb,dfs,sum_degree,6.0,1.1310815811157229,1824,success,
uniform,50,100,0.2,0,3,bb,dfs,both,6.0,1.753793478012085,1824,success,
uniform,50,100,0.2,0,0,bb,best_first,packing,6.0,11.837231636047363,4410,success,
uniform,50,100,0.2,0,3,bb,best_first,sum_degree,6.0,10.504693508148192,1732,success,
uniform,50,100,0.2,0,2,bb,dfs,packing,6.0,19.447033405303955,89067,success,
uniform,50,100,0.2,0,4,greedy,,,7.0,0.0007121562957763,1,success,
uniform,50,100,0.2,0,4,bb,dfs,sum_degree,6.0,1.5843369960784912,3123,success,
uniform,50,100,0.2,0,2,bb,best_first,packing,6.0,19.20056939125061,7590,success,
uniform,50,100,0.2,0,3,bb,dfs,packing,6.0,18.57472848892212,88318,success,
uniform,50,100,0.2,0,1,bb,dfs,packing,6.0,28.290387630462646,119638,success,
uniform,50,100,0.2,0,4,bb,dfs,both,6.0,3.4479544162750244,3111,success,
uniform,50,100,0.2,0,1,bb,best_first,packing,6.0,28.06951236724853,9745,success,
uniform,50,100,0.2,0,5,greedy,,,6.0,0.0031158924102783,1,success,
uniform,50,100,0.2,0,5,bb,dfs,sum_degree,6.0,0.9255967140197754,1301,success,
uniform,50,100,0.2,0,3,bb,best_first,both,6.0,15.853096961975098,1729,success,
uniform,50,100,0.2,0,5,bb,dfs,both,6.0,1.4328882694244385,1301,success,
uniform,50,100,0.2,0,5,bb,best_first,sum_degree,6.0,0.9194729328155518,111,success,
uniform,50,100,0.1,0,27,bb,best_first,packing,9.0,57.04607892036438,42853,success,
uniform,50,100,0.2,0,5,bb,best_first,both,6.0,1.4301934242248535,111,success,
uniform,50,100,0.2,0,6,greedy,,,6.0,0.0011169910430908,1,success,
uniform,50,100,0.2,0,6,bb,dfs,sum_degree,6.0,1.573312759399414,2301,success,
uniform,50,100,0.2,0,5,bb,dfs,packing,6.0,15.96615195274353,65653,success,
uniform,50,100,0.2,0,6,bb,dfs,both,6.0,1.8165950775146484,2301,success,
uniform,50,100,0.2,0,4,bb,best_first,packing,7.0,20.09137463569641,5924,success,
uniform,50,100,0.2,0,6,bb,best_first,sum_degree,6.0,0.948982000350952,177,success,
uniform,50,100,0.2,0,6,bb,best_first,both,6.0,2.3149642944335938,177,success,
uniform,50,100,0.2,0,7,greedy,,,6.0,0.0011098384857177,1,success,
uniform,50,100,0.2,0,7,bb,dfs,sum_degree,6.0,0.5040552616119385,628,success,
uniform,50,100,0.2,0,5,bb,best_first,packing,6.0,14.180381059646606,5760,success,
uniform,50,100,0.2,0,7,bb,dfs,both,6.0,0.7641263008117676,628,success,
uniform,50,100,0.2,0,7,bb,best_first,sum_degree,6.0,0.4893062114715576,65,success,
uniform,50,100,0.2,0,4,bb,dfs,packing,6.0,34.133761405944824,150571,success,
uniform,50,100,0.2,0,7,bb,best_first,both,6.0,0.8043067455291748,65,success,
uniform,50,100,0.2,0,8,greedy,,,8.0,0.0033001899719238,1,success,
uniform,50,100,0.2,0,8,bb,dfs,sum_degree,6.0,0.6716611385345459,898,success,
uniform,50,100,0.2,0,7,bb,dfs,packing,6.0,8.29386281967163,33909,success,
uniform,50,100,0.2,0,4,bb,best_first,sum_degree,6.0,33.15931677818298,7775,success,
uniform,50,100,0.2,0,8,bb,dfs,both,6.0,1.026197910308838,898,success,
uniform,50,100,0.2,0,7,bb,best_first,packing,6.0,8.139762878417969,3092,success,
uniform,50,100,0.2,0,6,bb,dfs,packing,6.0,22.977664709091187,105909,success,
uniform,50,100,0.2,0,9,greedy,,,6.0,0.0006980895996093,1,success,
uniform,50,100,0.2,0,9,bb,dfs,sum_degree,6.0,1.0982167720794678,2533,success,
uniform,50,100,0.2,0,8,bb,best_first,sum_degree,6.0,8.699708223342896,17076,success,
uniform,50,100,0.2,0,6,bb,best_first,packing,6.0,22.45071768760681,8679,success,
uniform,50,100,0.2,0,9,bb,dfs,both,6.0,2.554680347442627,2533,success,
uniform,50,100,0.2,0,9,bb,best_first,sum_degree,6.0,1.953078031539917,184,success,
uniform,50,100,0.2,0,8,bb,dfs,packing,6.0,15.251335859298706,61003,success,
uniform,50,100,0.2,0,10,greedy,,,7.0,0.0012412071228027,1,success,
uniform,50,100,0.2,0,10,bb,dfs,sum_degree,6.0,0.64750075340271,838,success,
uniform,50,100,0.2,0,9,bb,best_first,both,6.0,2.948472499847412,184,success,
uniform,50,100,0.2,0,10,bb,dfs,both,6.0,0.9998245239257812,838,success,
uniform,50,100,0.2,0,8,bb,best_first,packing,8.0,15.865076065063477,4752,success,
uniform,50,100,0.2,0,8,bb,best_first,both,6.0,14.174291372299194,17063,success,
uniform,50,100,0.2,0,4,bb,best_first,both,6.0,51.74149489402771,7727,success,
uniform,50,100,0.2,0,11,greedy,,,6.0,0.0010910034179687,1,success,
uniform,50,100,0.2,0,11,bb,dfs,sum_degree,5.0,0.2158510684967041,242,success,
uniform,50,100,0.2,0,11,bb,dfs,packing,5.0,3.450522422790528,10942,success,
uniform,50,100,0.2,0,11,bb,dfs,both,5.0,0.3010566234588623,242,success,
uniform,50,100,0.2,0,11,bb,best_first,sum_degree,5.0,1.2838494777679443,148,success,
uniform,50,100,0.2,0,10,bb,best_first,sum_degree,6.0,9.67566418647766,1650,success,
uniform,50,100,0.2,0,11,bb,best_first,both,5.0,2.190553903579712,148,success,
uniform,50,100,0.2,0,12,greedy,,,6.0,0.001143455505371,1,success,
uniform,50,100,0.2,0,10,bb,dfs,packing,6.0,14.530849695205688,55955,success,
uniform,50,100,0.2,0,12,bb,dfs,sum_degree,6.0,2.1829943656921387,2726,success,
uniform,50,100,0.2,0,10,bb,best_first,both,6.0,15.143191814422607,1650,success,
uniform,50,100,0.2,0,12,bb,dfs,both,6.0,3.37113356590271,2726,success,
uniform,50,100,0.2,0,12,bb,best_first,sum_degree,6.0,2.1172759532928467,214,success,
uniform,50,100,0.2,0,12,bb,best_first,both,6.0,3.324458360671997,214,success,
uniform,50,100,0.2,0,13,greedy,,,6.0,0.0030019283294677,1,success,
uniform,50,100,0.2,0,13,bb,dfs,sum_degree,5.0,1.1145126819610596,1579,success,
uniform,50,100,0.2,0,13,bb,dfs,packing,5.0,16.934985637664795,67289,success,
uniform,50,100,0.2,0,9,bb,dfs,packing,6.0,47.98476624488831,205996,success,
uniform,50,100,0.2,0,13,bb,dfs,both,5.0,0.9496796131134032,1579,success,
uniform,50,100,0.2,0,13,bb,best_first,sum_degree,5.0,1.030729055404663,211,success,
uniform,50,100,0.2,0,9,bb,best_first,packing,6.0,46.613579511642456,16321,success,
uniform,50,100,0.2,0,14,greedy,,,6.0,0.0011215209960937,1,success,
uniform,50,100,0.2,0,11,bb,best_first,packing,5.0,34.266093254089355,12276,success,
uniform,50,100,0.2,0,14,bb,dfs,sum_degree,6.0,1.2769443988800049,1699,success,
uniform,50,100,0.2,0,13,bb,best_first,both,5.0,2.695965051651001,211,success,
uniform,50,100,0.2,0,14,bb,dfs,both,6.0,1.988323450088501,1699,success,
uniform,50,100,0.2,0,14,bb,best_first,sum_degree,6.0,1.3389596939086914,146,success,
uniform,50,100,0.2,0,12,bb,dfs,packing,6.0,32.677706241607666,136626,success,
uniform,50,100,0.2,0,15,greedy,,,7.0,0.0032167434692382,1,success,
uniform,50,100,0.2,0,15,bb,dfs,sum_degree,6.0,0.978891372680664,1280,success,
uniform,50,100,0.2,0,14,bb,best_first,both,6.0,2.070462465286255,146,success,
uniform,50,100,0.2,0,12,bb,best_first,packing,6.0,30.64854407310486,11535,success,
uniform,50,100,0.2,0,15,bb,dfs,both,6.0,1.54974627494812,1280,success,
uniform,50,100,0.2,0,14,bb,dfs,packing,6.0,18.087485551834103,73240,success,
uniform,50,100,0.2,0,15,bb,best_first,sum_degree,6.0,13.28125548362732,2544,success,
uniform,50,100,0.2,0,16,greedy,,,7.0,0.0012183189392089,1,success,
uniform,50,100,0.2,0,16,bb,dfs,sum_degree,6.0,0.8401501178741455,1163,success,
uniform,50,100,0.2,0,14,bb,best_first,packing,6.0,17.77766180038452,6119,success,
uniform,50,100,0.2,0,3,bb,best_first,packing,6.0,129.50358152389526,68457,success,
uniform,50,100,0.2,0,16,bb,dfs,both,6.0,1.325767993927002,1163,success,
uniform,50,100,0.2,0,13,bb,best_first,packing,5.0,24.095958948135376,8579,success,
uniform,50,100,0.2,0,15,bb,dfs,packing,6.0,19.75507616996765,79370,success,
uniform,50,100,0.2,0,17,greedy,,,6.0,0.0030150413513183,1,success,
uniform,50,100,0.2,0,17,bb,dfs,sum_degree,5.0,0.2388451099395752,272,success,
uniform,50,100,0.2,0,17,bb,dfs,packing,5.0,2.2439160346984863,9548,success,
uniform,50,100,0.2,0,17,bb,dfs,both,5.0,0.2508375644683838,272,success,
uniform,50,100,0.2,0,17,bb,best_first,sum_degree,5.0,2.1717114448547363,289,success,
uniform,50,100,0.2,0,16,bb,best_first,sum_degree,6.0,9.806983232498167,1796,success,
uniform,50,100,0.2,0,15,bb,best_first,packing,7.0,25.357649326324463,8238,success,
uniform,50,100,0.2,0,18,greedy,,,6.0,0.0031137466430664,1,success,
uniform,50,100,0.2,0,18,bb,dfs,sum_degree,6.0,1.7328789234161377,2614,success,
uniform,50,100,0.2,0,17,bb,best_first,both,5.0,3.832989454269409,287,success,
uniform,50,100,0.2,0,16,bb,dfs,packing,6.0,16.52377414703369,74068,success,
uniform,50,100,0.2,0,18,bb,best_first,sum_degree,6.0,1.7360241413116455,218,success,
uniform,50,100,0.2,0,16,bb,best_first,both,6.0,15.843170642852783,1795,success,
uniform,50,100,0.2,0,18,bb,dfs,both,6.0,2.8608365058898926,2614,success,
uniform,50,100,0.2,0,19,greedy,,,6.0,0.0031776428222656,1,success,
uniform,50,100,0.2,0,19,bb,dfs,sum_degree,6.0,0.7267851829528809,960,success,
uniform,50,100,0.2,0,15,bb,best_first,both,6.0,20.770553827285767,2542,success,
uniform,50,100,0.2,0,19,bb,dfs,both,6.0,1.1863179206848145,960,success,
uniform,50,100,0.2,0,18,bb,best_first,both,6.0,2.758240938186645,218,success,
uniform,50,100,0.2,0,19,bb,best_first,sum_degree,6.0,0.7487893104553223,84,success,
uniform,50,100,0.2,0,19,bb,best_first,both,6.0,1.1152048110961914,84,success,
uniform,50,100,0.2,0,20,greedy,,,6.0,0.001127004623413,1,success,
uniform,50,100,0.2,0,20,bb,dfs,sum_degree,6.0,1.4191153049468994,1930,success,
uniform,50,100,0.2,0,19,bb,dfs,packing,6.0,11.295587539672852,40906,success,
uniform,50,100,0.2,0,19,bb,best_first,packing,6.0,11.280222415924072,3652,success,
uniform,50,100,0.2,0,20,bb,dfs,both,6.0,2.268223524093628,1930,success,
uniform,50,100,0.2,0,20,bb,best_first,sum_degree,6.0,1.4686243534088137,157,success,
uniform,50,100,0.2,0,16,bb,best_first,packing,7.0,32.38320803642273,11670,success,
uniform,50,100,0.2,0,21,greedy,,,6.0,0.0006458759307861,1,success,
uniform,50,100,0.2,0,21,bb,dfs,sum_degree,6.0,0.388899564743042,915,success,
uniform,50,100,0.2,0,20,bb,best_first,both,6.0,1.356532335281372,157,success,
uniform,50,100,0.2,0,21,bb,dfs,both,6.0,0.6053140163421631,915,success,
uniform,50,100,0.2,0,21,bb,best_first,sum_degree,6.0,0.5185468196868896,81,success,
uniform,50,100,0.2,0,18,bb,dfs,packing,6.0,22.54948925971985,106685,success,
uniform,50,100,0.2,0,17,bb,best_first,packing,5.0,27.50019860267639,10541,success,
uniform,50,100,0.2,0,22,greedy,,,7.0,0.0041983127593994,1,success,
uniform,50,100,0.2,0,21,bb,best_first,both,6.0,1.002847671508789,81,success,
uniform,50,100,0.2,0,22,bb,dfs,sum_degree,6.0,1.4058701992034912,1884,success,
uniform,50,100,0.2,0,22,bb,dfs,both,6.0,2.2120182514190674,1884,success,
uniform,50,100,0.2,0,18,bb,best_first,packing,6.0,22.6784303188324,9083,success,
uniform,50,100,0.2,0,20,bb,dfs,packing,6.0,21.8169264793396,93489,success,
uniform,50,100,0.2,0,21,bb,dfs,packing,6.0,11.641969203948976,54345,success,
uniform,50,100,0.2,0,23,greedy,,,7.0,0.0031635761260986,1,success,
uniform,50,100,0.2,0,23,bb,dfs,sum_degree,6.0,1.240706205368042,1802,success,
uniform,50,100,0.2,0,21,bb,best_first,packing,6.0,13.19581651687622,4665,success,
uniform,50,100,0.2,0,23,bb,dfs,both,6.0,1.975127935409546,1802,success,
uniform,50,100,0.2,0,22,bb,dfs,packing,6.0,15.00508713722229,59524,success,
uniform,50,100,0.2,0,20,bb,best_first,packing,6.0,21.614827632904053,7650,success,
uniform,50,100,0.2,0,22,bb,best_first,sum_degree,6.0,15.499170780181885,3186,success,
uniform,50,100,0.2,0,24,greedy,,,7.0,0.0011711120605468,1,success,
uniform,50,100,0.2,0,24,bb,dfs,sum_degree,6.0,1.2006824016571045,1641,success,
uniform,50,100,0.2,0,23,bb,dfs,packing,6.0,11.841342449188232,53058,success,
uniform,50,100,0.2,0,24,bb,dfs,both,6.0,1.3147475719451904,1641,success,
uniform,50,100,0.2,0,23,bb,best_first,sum_degree,6.0,9.470810651779177,1877,success,
uniform,50,100,0.2,0,10,bb,best_first,packing,6.0,128.64327120780945,66479,success,
uniform,50,100,0.2,0,23,bb,best_first,both,6.0,13.997720956802368,1868,success,
uniform,50,100,0.2,0,25,greedy,,,6.0,0.0031211376190185,1,success,
uniform,50,100,0.2,0,22,bb,best_first,both,6.0,22.765394687652588,3186,success,
uniform,50,100,0.2,0,25,bb,dfs,sum_degree,6.0,1.298462152481079,1753,success,
uniform,50,100,0.2,0,25,bb,dfs,both,6.0,1.9711012840271,1753,success,
uniform,50,100,0.2,0,22,bb,best_first,packing,7.0,31.726430416107178,12658,success,
uniform,50,100,0.2,0,25,bb,best_first,sum_degree,6.0,1.2593817710876465,153,success,
uniform,50,100,0.2,0,24,bb,best_first,sum_degree,6.0,12.656158924102783,2670,success,
uniform,50,100,0.2,0,26,greedy,,,6.0,0.0011277198791503,1,success,
uniform,50,100,0.2,0,24,bb,dfs,packing,6.0,16.983741998672485,77579,success,
uniform,50,100,0.2,0,26,bb,dfs,sum_degree,6.0,0.879786491394043,1128,success,
uniform,50,100,0.2,0,25,bb,best_first,both,6.0,2.05679988861084,153,success,
uniform,50,100,0.2,0,26,bb,dfs,both,6.0,1.4133920669555664,1128,success,
uniform,50,100,0.2,0,26,bb,best_first,sum_degree,6.0,0.9768314361572266,95,success,
uniform,50,100,0.2,0,26,bb,best_first,both,6.0,1.424077033996582,95,success,
uniform,50,100,0.2,0,27,greedy,,,6.0,0.0011229515075683,1,success,
uniform,50,100,0.2,0,27,bb,dfs,sum_degree,6.0,1.3386328220367432,1787,success,
uniform,50,100,0.2,0,25,bb,dfs,packing,6.0,14.709948301315308,60994,success,
uniform,50,100,0.2,0,27,bb,dfs,both,6.0,1.3569011688232422,1787,success,
uniform,50,100,0.2,0,24,bb,best_first,packing,7.0,23.93436288833618,8622,success,
uniform,50,100,0.2,0,27,bb,best_first,sum_degree,6.0,1.3802766799926758,144,success,
uniform,50,100,0.2,0,25,bb,best_first,packing,6.0,13.465721130371094,5378,success,
uniform,50,100,0.2,0,28,greedy,,,8.0,0.0033235549926757,1,success,
uniform,50,100,0.2,0,24,bb,best_first,both,6.0,20.419769763946533,2666,success,
uniform,50,100,0.2,0,27,bb,best_first,both,6.0,2.1393768787384038,144,success,
uniform,50,100,0.2,0,28,bb,dfs,sum_degree,6.0,2.258974075317383,4149,success,
uniform,50,100,0.2,0,26,bb,dfs,packing,6.0,14.631138563156128,61291,success,
uniform,50,100,0.2,0,26,bb,best_first,packing,6.0,13.96953058242798,5240,success,
uniform,50,100,0.2,0,28,bb,dfs,both,6.0,3.7435946464538574,4149,success,
uniform,50,100,0.2,0,29,greedy,,,7.0,0.0033950805664062,1,success,
uniform,50,100,0.2,0,29,bb,dfs,sum_degree,6.0,3.5209197998046875,6548,success,
uniform,50,100,0.2,0,27,bb,dfs,packing,6.0,21.683836698532104,93114,success,
uniform,50,100,0.2,0,28,bb,best_first,sum_degree,6.0,13.13506293296814,23336,success,
uniform,50,100,0.2,0,28,bb,best_first,packing,8.0,16.629900455474854,4793,success,
uniform,50,100,0.2,0,29,bb,dfs,both,6.0,5.554863691329956,6548,success,
uniform,50,100,0.2,0,27,bb,best_first,packing,6.0,23.87515950202942,7932,success,
uniform,100,200,0.05,0,0,greedy,,,23.0,0.0109851360321044,1,success,
uniform,50,100,0.2,0,28,bb,best_first,both,6.0,20.13391590118408,23333,success,
uniform,50,100,0.2,0,29,bb,best_first,sum_degree,6.0,12.347941160202026,2082,success,
uniform,50,100,0.2,0,28,bb,dfs,packing,6.0,33.90880250930786,172855,success,
uniform,50,100,0.2,0,23,bb,best_first,packing,6.0,70.82536292076111,40914,success,
uniform,50,100,0.2,0,29,bb,best_first,both,6.0,18.242727041244507,2078,success,
uniform,50,100,0.2,0,29,bb,best_first,packing,7.0,29.951168537139893,10146,success,
uniform,100,200,0.05,0,1,greedy,,,21.0,0.0109374523162841,1,success,
uniform,50,100,0.2,0,29,bb,dfs,packing,6.0,55.244797706604,313073,success,
uniform,100,200,0.05,0,0,bb,best_first,packing,23.0,48.559720516204834,11208,success,
uniform,100,200,0.05,0,0,bb,best_first,sum_degree,23.0,73.28686761856079,11948,success,
uniform,100,200,0.05,0,0,bb,best_first,both,23.0,114.4398341178894,11943,success,
uniform,100,200,0.05,0,1,bb,best_first,sum_degree,21.0,74.48039245605469,12292,success,
uniform,100,200,0.05,0,1,bb,best_first,packing,21.0,47.99526238441467,11738,success,
uniform,100,200,0.05,0,2,greedy,,,20.0,0.0117316246032714,1,success,
uniform,100,200,0.05,0,1,bb,best_first,both,21.0,117.33244347572328,12140,success,
uniform,100,200,0.05,0,2,bb,dfs,sum_degree,18.0,1469.137365579605,1718971,success,
uniform,100,200,0.05,0,1,bb,dfs,sum_degree,18.0,2835.2080583572388,3518774,success,
uniform,100,200,0.05,0,2,bb,best_first,sum_degree,20.0,73.30361747741699,12813,success,
uniform,100,200,0.05,0,2,bb,best_first,packing,20.0,46.36335277557373,11331,success,
uniform,100,200,0.05,0,2,bb,best_first,both,20.0,114.28762984275818,12596,success,
uniform,100,200,0.05,0,3,greedy,,,22.0,0.0057952404022216,1,success,
uniform,100,200,0.05,0,0,bb,dfs,sum_degree,19.0,3352.808934688568,3964620,success,
uniform,100,200,0.05,0,2,bb,dfs,both,18.0,2180.631437301636,1580895,success,
uniform,100,200,0.05,0,1,bb,dfs,both,18.0,4006.380993843079,3052800,success,
uniform,100,200,0.05,0,3,bb,best_first,sum_degree,22.0,80.53675031661987,10763,success,
uniform,100,200,0.05,0,3,bb,best_first,packing,22.0,51.47111034393311,10489,success,
uniform,100,200,0.05,0,0,bb,dfs,both,19.0,4261.468836069107,3025366,success,
uniform,100,200,0.05,0,4,greedy,,,22.0,0.0143854618072509,1,success,
uniform,100,200,0.05,0,3,bb,best_first,both,22.0,126.92597198486328,10751,success,
uniform,100,200,0.05,0,0,bb,dfs,packing,19.0,10800.012850999832,27504457,timeout,
uniform,100,200,0.05,0,1,bb,dfs,packing,19.0,10800.011835336683,33921428,timeout,
uniform,100,200,0.05,0,4,bb,best_first,sum_degree,22.0,74.89816308021545,10681,success,
uniform,100,200,0.05,0,4,bb,best_first,packing,22.0,45.78032231330872,10405,success,
uniform,100,200,0.05,0,2,bb,dfs,packing,18.0,10800.011995315552,29752754,timeout,
uniform,100,200,0.05,0,5,greedy,,,23.0,0.006890058517456,1,success,
uniform,100,200,0.05,0,4,bb,best_first,both,22.0,120.51093292236328,10639,success,
uniform,100,200,0.05,0,3,bb,dfs,sum_degree,20.0,10800.007073640823,13833118,timeout,
uniform,100,200,0.05,0,3,bb,dfs,packing,20.0,10800.013162374496,28558673,timeout,
uniform,100,200,0.05,0,5,bb,best_first,sum_degree,23.0,74.37379360198975,11646,success,
uniform,100,200,0.05,0,5,bb,best_first,packing,23.0,47.11050200462341,10506,success,
uniform,100,200,0.05,0,5,bb,best_first,both,23.0,117.34475016593932,11601,success,
uniform,100,200,0.05,0,6,greedy,,,23.0,0.010181188583374,1,success,
uniform,100,200,0.05,0,3,bb,dfs,both,20.0,10800.011214733124,8538849,timeout,
uniform,100,200,0.05,0,4,bb,dfs,sum_degree,19.0,10800.012828588486,13095478,timeout,
uniform,100,200,0.05,0,4,bb,dfs,packing,19.0,10800.010511398315,32933993,timeout,
uniform,100,200,0.05,0,6,bb,best_first,sum_degree,23.0,65.21024346351624,13508,success,
uniform,100,200,0.05,0,6,bb,best_first,packing,23.0,43.349814653396606,12964,success,
uniform,100,200,0.05,0,6,bb,best_first,both,23.0,108.36726188659668,13486,success,
uniform,100,200,0.05,0,7,greedy,,,21.0,0.010850191116333,1,success,
uniform,100,200,0.05,0,4,bb,dfs,both,19.0,10800.00976061821,8343211,timeout,
uniform,100,200,0.05,0,5,bb,dfs,sum_degree,20.0,10800.012732744215,14487276,timeout,
uniform,100,200,0.05,0,5,bb,dfs,packing,21.0,10800.010589122772,40291942,timeout,
uniform,100,200,0.05,0,7,bb,best_first,sum_degree,21.0,68.27110958099365,10791,success,
uniform,100,200,0.05,0,7,bb,best_first,packing,21.0,41.81976938247681,9915,success,
uniform,100,200,0.05,0,7,bb,best_first,both,21.0,106.93030261993408,10727,success,
uniform,100,200,0.05,0,8,greedy,,,21.0,0.0126450061798095,1,success,
uniform,100,200,0.05,0,5,bb,dfs,both,20.0,10800.01153063774,9137726,timeout,
uniform,100,200,0.05,0,7,bb,dfs,sum_degree,19.0,9429.61876821518,12895869,success,
uniform,100,200,0.05,0,6,bb,dfs,sum_degree,21.0,10800.012723207474,16298693,timeout,
uniform,100,200,0.05,0,8,bb,best_first,sum_degree,21.0,69.15597367286682,12008,success,
uniform,100,200,0.05,0,8,bb,best_first,packing,21.0,41.81516289710999,10816,success,
uniform,100,200,0.05,0,8,bb,best_first,both,21.0,105.2860984802246,11611,success,
uniform,100,200,0.05,0,9,greedy,,,21.0,0.0108289718627929,1,success,
uniform,100,200,0.05,0,6,bb,dfs,packing,22.0,10800.007630825045,40005332,timeout,
uniform,100,200,0.05,0,6,bb,dfs,both,21.0,10800.008482217789,9764368,timeout,
uniform,100,200,0.05,0,8,bb,dfs,sum_degree,18.0,5354.22677230835,7458499,success,
uniform,100,200,0.05,0,9,bb,best_first,sum_degree,21.0,70.90215015411377,13894,success,
uniform,100,200,0.05,0,9,bb,best_first,packing,21.0,44.99282646179199,12399,success,
uniform,100,200,0.05,0,9,bb,best_first,both,21.0,113.40072321891785,13470,success,
uniform,100,200,0.05,0,10,greedy,,,21.0,0.0103006362915039,1,success,
uniform,100,200,0.05,0,10,bb,dfs,sum_degree,19.0,2615.0200312137604,3081998,success,
uniform,100,200,0.05,0,9,bb,dfs,sum_degree,19.0,6224.119529485703,7870866,success,
uniform,100,200,0.05,0,7,bb,dfs,packing,20.0,10800.009297847748,32025070,timeout,
uniform,100,200,0.05,0,10,bb,best_first,sum_degree,21.0,72.35605359077454,13279,success,
uniform,100,200,0.05,0,10,bb,best_first,packing,21.0,46.72973275184631,12500,success,
uniform,100,200,0.05,0,8,bb,dfs,both,18.0,7844.739936828613,6773939,success,
uniform,100,200,0.05,0,11,greedy,,,21.0,0.0034208297729492,1,success,
uniform,100,200,0.05,0,10,bb,best_first,both,21.0,114.66057348251344,13070,success,
uniform,100,200,0.05,0,7,bb,dfs,both,19.0,10800.011546611786,9544155,timeout,
uniform,100,200,0.05,0,9,bb,dfs,both,19.0,8086.312850952148,6284007,success,
uniform,100,200,0.05,0,11,bb,best_first,sum_degree,21.0,65.82000780105591,13216,success,
uniform,100,200,0.05,0,11,bb,best_first,packing,21.0,40.31778597831726,12629,success,
uniform,100,200,0.05,0,11,bb,best_first,both,21.0,101.9700186252594,13190,success,
uniform,100,200,0.05,0,12,greedy,,,24.0,0.0114915370941162,1,success,
uniform,100,200,0.05,0,8,bb,dfs,packing,19.0,10800.011461734772,32013003,timeout,
uniform,100,200,0.05,0,10,bb,dfs,both,19.0,3870.3765873909,2781018,success,
uniform,100,200,0.05,0,11,bb,dfs,sum_degree,20.0,3400.770912885666,4826470,success,
uniform,100,200,0.05,0,12,bb,best_first,sum_degree,24.0,69.70231461524963,12502,success,
uniform,100,200,0.05,0,12,bb,best_first,packing,24.0,43.4629602432251,12624,success,
uniform,100,200,0.05,0,9,bb,dfs,packing,19.0,10800.010414600372,26996408,timeout,
uniform,100,200,0.05,0,13,greedy,,,21.0,0.0114107131958007,1,success,
uniform,100,200,0.05,0,12,bb,best_first,both,24.0,108.50398635864258,12504,success,
uniform,100,200,0.05,0,11,bb,dfs,both,20.0,4665.525559902191,3996294,success,
uniform,100,200,0.05,0,13,bb,dfs,sum_degree,18.0,3449.497678041458,4387223,success,
uniform,100,200,0.05,0,13,bb,best_first,sum_degree,21.0,70.51268601417542,11889,success,
uniform,100,200,0.05,0,13,bb,best_first,packing,21.0,47.18331336975098,10995,success,
uniform,100,200,0.05,0,13,bb,best_first,both,21.0,112.6801257133484,11859,success,
uniform,100,200,0.05,0,14,greedy,,,20.0,0.0103223323822021,1,success,
uniform,100,200,0.05,0,14,bb,dfs,sum_degree,18.0,1024.6315393447876,1293267,success,
uniform,100,200,0.05,0,10,bb,dfs,packing,19.0,10800.013332366943,23859022,timeout,
uniform,100,200,0.05,0,14,bb,dfs,both,18.0,1396.044979095459,1084377,success,
uniform,100,200,0.05,0,13,bb,dfs,both,18.0,5168.941344976425,4012103,success,
uniform,100,200,0.05,0,14,bb,best_first,packing,20.0,44.9670877456665,11001,success,
uniform,100,200,0.05,0,14,bb,best_first,sum_degree,20.0,63.66086220741272,11680,success,
uniform,100,200,0.05,0,15,greedy,,,20.0,0.0095653533935546,1,success,
uniform,100,200,0.05,0,14,bb,best_first,both,20.0,101.26290202140808,11447,success,
uniform,100,200,0.05,0,11,bb,dfs,packing,20.0,10800.01078915596,32351316,timeout,
uniform,100,200,0.05,0,12,bb,dfs,sum_degree,21.0,10800.0118162632,15282267,timeout,
uniform,100,200,0.05,0,15,bb,best_first,sum_degree,20.0,67.65198588371277,11844,success,
uniform,100,200,0.05,0,15,bb,best_first,packing,20.0,40.87172317504883,10739,success,
uniform,100,200,0.05,0,15,bb,best_first,both,20.0,105.3437271118164,11755,success,
uniform,100,200,0.05,0,16,greedy,,,21.0,0.0109462738037109,1,success,
uniform,100,200,0.05,0,15,bb,dfs,sum_degree,18.0,2751.032035589218,3363452,success,
uniform,100,200,0.05,0,12,bb,dfs,packing,21.0,10800.012940645218,30755521,timeout,
uniform,100,200,0.05,0,12,bb,dfs,both,21.0,10800.013306617737,9355631,timeout,
uniform,100,200,0.05,0,16,bb,best_first,sum_degree,21.0,69.90445756912231,10750,success,
uniform,100,200,0.05,0,16,bb,best_first,packing,21.0,43.0050413608551,9860,success,
uniform,100,200,0.05,0,16,bb,best_first,both,21.0,110.29573583602904,10754,success,
uniform,100,200,0.05,0,17,greedy,,,22.0,0.0038137435913085,1,success,
uniform,100,200,0.05,0,13,bb,dfs,packing,19.0,10800.006115913391,35864445,timeout,
uniform,100,200,0.05,0,15,bb,dfs,both,18.0,4010.120933294296,2980702,success,
uniform,100,200,0.05,0,14,bb,dfs,packing,18.0,10800.008956432344,27436300,timeout,
uniform,100,200,0.05,0,17,bb,best_first,sum_degree,22.0,70.36082172393799,12925,success,
uniform,100,200,0.05,0,17,bb,best_first,packing,22.0,48.30065274238586,12454,success,
uniform,100,200,0.05,0,17,bb,best_first,both,22.0,117.05465817451476,12878,success,
uniform,100,200,0.05,0,18,greedy,,,22.0,0.0114691257476806,1,success,
uniform,100,200,0.05,0,17,bb,dfs,sum_degree,19.0,6195.046272039413,8193651,success,
adversarial,6,4,0.0,2,0,greedy,,,2.0,9.202957153320312e-05,1,success,
adversarial,6,4,0.0,2,0,bb,dfs,sum_degree,2.0,0.000401496887207,1,success,
adversarial,6,4,0.0,2,0,bb,dfs,packing,2.0,0.0001380443572998,1,success,
adversarial,6,4,0.0,2,0,bb,dfs,both,2.0,0.0001134872436523,1,success,
adversarial,6,4,0.0,2,0,bb,best_first,sum_degree,2.0,0.0001168251037597,1,success,
adversarial,6,4,0.0,2,0,bb,best_first,packing,2.0,8.988380432128906e-05,1,success,
adversarial,6,4,0.0,2,0,bb,best_first,both,2.0,6.318092346191406e-05,1,success,
adversarial,6,4,0.0,2,1,greedy,,,2.0,1.6689300537109375e-05,1,success,
adversarial,6,4,0.0,2,1,bb,dfs,sum_degree,2.0,5.7697296142578125e-05,1,success,
adversarial,6,4,0.0,2,1,bb,dfs,packing,2.0,5.841255187988281e-05,1,success,
adversarial,6,4,0.0,2,1,bb,dfs,both,2.0,0.00040864944458,1,success,
adversarial,6,4,0.0,2,1,bb,best_first,sum_degree,2.0,0.0001521110534667,1,success,
adversarial,6,4,0.0,2,1,bb,best_first,packing,2.0,0.0001313686370849,1,success,
adversarial,6,4,0.0,2,1,bb,best_first,both,2.0,7.319450378417969e-05,1,success,
adversarial,6,4,0.0,2,2,greedy,,,2.0,1.6450881958007812e-05,1,success,
adversarial,6,4,0.0,2,2,bb,dfs,sum_degree,2.0,6.651878356933594e-05,1,success,
adversarial,6,4,0.0,2,2,bb,dfs,packing,2.0,6.890296936035156e-05,1,success,
adversarial,6,4,0.0,2,2,bb,dfs,both,2.0,6.29425048828125e-05,1,success,
adversarial,6,4,0.0,2,2,bb,best_first,sum_degree,2.0,6.151199340820312e-05,1,success,
adversarial,6,4,0.0,2,2,bb,best_first,packing,2.0,6.556510925292969e-05,1,success,
adversarial,6,4,0.0,2,2,bb,best_first,both,2.0,0.0004665851593017,1,success,
adversarial,6,4,0.0,2,3,greedy,,,2.0,2.288818359375e-05,1,success,
adversarial,6,4,0.0,2,3,bb,dfs,sum_degree,2.0,0.005124807357788,1,success,
adversarial,6,4,0.0,2,3,bb,dfs,packing,2.0,0.0001556873321533,1,success,
adversarial,6,4,0.0,2,3,bb,dfs,both,2.0,7.653236389160156e-05,1,success,
adversarial,6,4,0.0,2,3,bb,best_first,sum_degree,2.0,7.963180541992188e-05,1,success,
adversarial,6,4,0.0,2,3,bb,best_first,packing,2.0,7.152557373046875e-05,1,success,
adversarial,6,4,0.0,2,3,bb,best_first,both,2.0,6.628036499023438e-05,1,success,
adversarial,6,4,0.0,2,4,greedy,,,2.0,1.6689300537109375e-05,1,success,
adversarial,6,4,0.0,2,4,bb,dfs,sum_degree,2.0,6.198883056640625e-05,1,success,
adversarial,6,4,0.0,2,4,bb,dfs,packing,2.0,0.0003070831298828,1,success,
adversarial,6,4,0.0,2,4,bb,dfs,both,2.0,0.0062954425811767,1,success,
adversarial,6,4,0.0,2,4,bb,best_first,sum_degree,2.0,0.0001347064971923,1,success,
adversarial,6,4,0.0,2,4,bb,best_first,packing,2.0,9.560585021972656e-05,1,success,
adversarial,6,4,0.0,2,4,bb,best_first,both,2.0,7.271766662597656e-05,1,success,
adversarial,14,5,0.0,3,0,greedy,,,3.0,3.123283386230469e-05,1,success,
adversarial,14,5,0.0,3,0,bb,dfs,sum_degree,2.0,0.000338077545166,5,success,
adversarial,14,5,0.0,3,0,bb,dfs,packing,2.0,0.0003504753112792,5,success,
adversarial,14,5,0.0,3,0,bb,dfs,both,2.0,0.0004384517669677,5,success,
adversarial,14,5,0.0,3,0,bb,best_first,sum_degree,2.0,0.000309944152832,3,success,
adversarial,14,5,0.0,3,0,bb,best_first,packing,2.0,0.0043437480926513,3,success,
adversarial,14,5,0.0,3,0,bb,best_first,both,2.0,0.0007820129394531,3,success,
adversarial,14,5,0.0,3,1,greedy,,,3.0,3.409385681152344e-05,1,success,
adversarial,14,5,0.0,3,1,bb,dfs,sum_degree,2.0,0.0023057460784912,4,success,
adversarial,14,5,0.0,3,1,bb,dfs,packing,2.0,0.0002827644348144,4,success,
adversarial,14,5,0.0,3,1,bb,dfs,both,2.0,0.0004191398620605,4,success,
adversarial,14,5,0.0,3,1,bb,best_first,sum_degree,2.0,0.0002665519714355,3,success,
adversarial,14,5,0.0,3,1,bb,best_first,packing,2.0,0.0002613067626953,3,success,
adversarial,14,5,0.0,3,1,bb,best_first,both,2.0,0.0004098415374755,3,success,
adversarial,14,5,0.0,3,2,greedy,,,3.0,3.123283386230469e-05,1,success,
adversarial,14,5,0.0,3,2,bb,dfs,sum_degree,2.0,0.0057470798492431,4,success,
adversarial,14,5,0.0,3,2,bb,dfs,packing,2.0,0.0003504753112792,4,success,
adversarial,14,5,0.0,3,2,bb,dfs,both,2.0,0.0004332065582275,4,success,
adversarial,14,5,0.0,3,2,bb,best_first,sum_degree,2.0,0.0003187656402587,3,success,
adversarial,14,5,0.0,3,2,bb,best_first,packing,2.0,0.000279426574707,3,success,
adversarial,14,5,0.0,3,2,bb,best_first,both,2.0,0.0025897026062011,3,success,
adversarial,14,5,0.0,3,3,greedy,,,3.0,3.552436828613281e-05,1,success,
adversarial,14,5,0.0,3,3,bb,dfs,sum_degree,2.0,0.0022554397583007,4,success,
adversarial,14,5,0.0,3,3,bb,dfs,packing,2.0,0.0002892017364501,4,success,
adversarial,14,5,0.0,3,3,bb,dfs,both,2.0,0.001460313796997,4,success,
adversarial,14,5,0.0,3,3,bb,best_first,sum_degree,2.0,0.0067799091339111,3,success,
adversarial,14,5,0.0,3,3,bb,best_first,packing,2.0,0.0010654926300048,3,success,
adversarial,14,5,0.0,3,3,bb,best_first,both,2.0,0.0004439353942871,3,success,
adversarial,14,5,0.0,3,4,greedy,,,3.0,3.266334533691406e-05,1,success,
adversarial,14,5,0.0,3,4,bb,dfs,sum_degree,2.0,0.005380630493164,5,success,
adversarial,14,5,0.0,3,4,bb,dfs,packing,2.0,0.0003390312194824,5,success,
adversarial,14,5,0.0,3,4,bb,dfs,both,2.0,0.0004608631134033,5,success,
adversarial,14,5,0.0,3,4,bb,best_first,sum_degree,2.0,0.0003044605255126,3,success,
adversarial,14,5,0.0,3,4,bb,best_first,packing,2.0,0.0003361701965332,3,success,
adversarial,14,5,0.0,3,4,bb,best_first,both,2.0,0.0066008567810058,3,success,
adversarial,30,6,0.0,4,0,greedy,,,4.0,6.175041198730469e-05,1,success,
adversarial,30,6,0.0,4,0,bb,dfs,sum_degree,2.0,0.0007104873657226,8,success,
adversarial,30,6,0.0,4,0,bb,dfs,packing,2.0,0.0067825317382812,8,success,
adversarial,30,6,0.0,4,0,bb,dfs,both,2.0,0.0051856040954589,8,success,
adversarial,30,6,0.0,4,0,bb,best_first,sum_degree,2.0,0.000495433807373,4,success,
adversarial,30,6,0.0,4,0,bb,best_first,packing,2.0,0.0005247592926025,4,success,
adversarial,30,6,0.0,4,0,bb,best_first,both,2.0,0.0058774948120117,4,success,
adversarial,30,6,0.0,4,1,greedy,,,4.0,5.91278076171875e-05,1,success,
adversarial,30,6,0.0,4,1,bb,dfs,sum_degree,2.0,0.0005691051483154,5,success,
adversarial,30,6,0.0,4,1,bb,dfs,packing,2.0,0.0006318092346191,5,success,
adversarial,30,6,0.0,4,1,bb,dfs,both,2.0,0.0022170543670654,5,success,
adversarial,30,6,0.0,4,1,bb,best_first,sum_degree,2.0,0.0005292892456054,3,success,
adversarial,30,6,0.0,4,1,bb,best_first,packing,2.0,0.0006282329559326,3,success,
adversarial,30,6,0.0,4,1,bb,best_first,both,2.0,0.0011897087097167,3,success,
adversarial,30,6,0.0,4,2,greedy,,,4.0,5.7220458984375e-05,1,success,
adversarial,30,6,0.0,4,2,bb,dfs,sum_degree,2.0,0.0005989074707031,7,success,
adversarial,30,6,0.0,4,2,bb,dfs,packing,2.0,0.0006513595581054,7,success,
adversarial,30,6,0.0,4,2,bb,dfs,both,2.0,0.0009653568267822,7,success,
adversarial,30,6,0.0,4,2,bb,best_first,sum_degree,2.0,0.0004274845123291,4,success,
adversarial,30,6,0.0,4,2,bb,best_first,packing,2.0,0.0005915164947509,4,success,
adversarial,30,6,0.0,4,2,bb,best_first,both,2.0,0.0060107707977294,4,success,
adversarial,30,6,0.0,4,3,greedy,,,4.0,6.222724914550781e-05,1,success,
adversarial,30,6,0.0,4,3,bb,dfs,sum_degree,2.0,0.0007014274597167,8,success,
adversarial,30,6,0.0,4,3,bb,dfs,packing,2.0,0.0047791004180908,8,success,
adversarial,30,6,0.0,4,3,bb,dfs,both,2.0,0.0011909008026123,8,success,
adversarial,30,6,0.0,4,3,bb,best_first,sum_degree,2.0,0.0004661083221435,4,success,
adversarial,30,6,0.0,4,3,bb,best_first,packing,2.0,0.0055761337280273,4,success,
adversarial,30,6,0.0,4,3,bb,best_first,both,2.0,0.0008544921875,4,success,
adversarial,30,6,0.0,4,4,greedy,,,4.0,5.650520324707031e-05,1,success,
adversarial,30,6,0.0,4,4,bb,dfs,sum_degree,2.0,0.005669355392456,8,success,
adversarial,30,6,0.0,4,4,bb,dfs,packing,2.0,0.0009942054748535,8,success,
adversarial,30,6,0.0,4,4,bb,dfs,both,2.0,0.0054600238800048,8,success,
adversarial,30,6,0.0,4,4,bb,best_first,sum_degree,2.0,0.0005576610565185,4,success,
adversarial,30,6,0.0,4,4,bb,best_first,packing,2.0,0.0005099773406982,4,success,
adversarial,30,6,0.0,4,4,bb,best_first,both,2.0,0.0049290657043457,4,success,
adversarial,62,7,0.0,5,0,greedy,,,5.0,0.0001091957092285,1,success,
adversarial,62,7,0.0,5,0,bb,dfs,sum_degree,2.0,0.0049865245819091,5,success,
adversarial,62,7,0.0,5,0,bb,dfs,packing,2.0,0.0033919811248779,5,success,
adversarial,62,7,0.0,5,0,bb,dfs,both,2.0,0.0047078132629394,5,success,
adversarial,62,7,0.0,5,0,bb,best_first,sum_degree,2.0,0.0031409263610839,4,success,
adversarial,62,7,0.0,5,0,bb,best_first,packing,2.0,0.0055630207061767,3,success,
adversarial,62,7,0.0,5,0,bb,best_first,both,2.0,0.0049028396606445,3,success,
adversarial,62,7,0.0,5,1,greedy,,,5.0,0.0001056194305419,1,success,
adversarial,62,7,0.0,5,1,bb,dfs,sum_degree,2.0,0.0012803077697753,11,success,
adversarial,62,7,0.0,5,1,bb,dfs,packing,2.0,0.0056636333465576,11,success,
adversarial,62,7,0.0,5,1,bb,dfs,both,2.0,0.0036265850067138,11,success,
adversarial,62,7,0.0,5,1,bb,best_first,sum_degree,2.0,0.0029935836791992,4,success,
adversarial,62,7,0.0,5,1,bb,best_first,packing,2.0,0.0010068416595458,4,success,
adversarial,62,7,0.0,5,1,bb,best_first,both,2.0,0.0044512748718261,4,success,
adversarial,62,7,0.0,5,2,greedy,,,5.0,0.0001125335693359,1,success,
adversarial,62,7,0.0,5,2,bb,dfs,sum_degree,2.0,0.0051276683807373,5,success,
adversarial,62,7,0.0,5,2,bb,dfs,packing,2.0,0.0012695789337158,5,success,
adversarial,62,7,0.0,5,2,bb,dfs,both,2.0,0.0036132335662841,5,success,
adversarial,62,7,0.0,5,2,bb,best_first,sum_degree,2.0,0.0030500888824462,4,success,
adversarial,62,7,0.0,5,2,bb,best_first,packing,2.0,0.00323486328125,3,success,
adversarial,62,7,0.0,5,2,bb,best_first,both,2.0,0.0039687156677246,3,success,
adversarial,62,7,0.0,5,3,greedy,,,5.0,0.0001022815704345,1,success,
adversarial,62,7,0.0,5,3,bb,dfs,sum_degree,2.0,0.0010685920715332,5,success,
adversarial,62,7,0.0,5,3,bb,dfs,packing,2.0,0.0032887458801269,5,success,
adversarial,62,7,0.0,5,3,bb,dfs,both,2.0,0.0038044452667236,5,success,
adversarial,62,7,0.0,5,3,bb,best_first,sum_degree,2.0,0.002988576889038,4,success,
adversarial,62,7,0.0,5,3,bb,best_first,packing,2.0,0.001321792602539,3,success,
adversarial,62,7,0.0,5,3,bb,best_first,both,2.0,0.0040497779846191,3,success,
adversarial,62,7,0.0,5,4,greedy,,,5.0,0.0001013278961181,1,success,
adversarial,62,7,0.0,5,4,bb,dfs,sum_degree,2.0,0.0013079643249511,5,success,
adversarial,62,7,0.0,5,4,bb,dfs,packing,2.0,0.0012352466583251,5,success,
adversarial,62,7,0.0,5,4,bb,dfs,both,2.0,0.0028271675109863,5,success,
adversarial,62,7,0.0,5,4,bb,best_first,sum_degree,2.0,0.0011618137359619,4,success,
adversarial,62,7,0.0,5,4,bb,best_first,packing,2.0,0.001312255859375,3,success,
adversarial,62,7,0.0,5,4,bb,best_first,both,2.0,0.0034210681915283,3,success,
adversarial,126,8,0.0,6,0,greedy,,,6.0,0.000195026397705,1,success,
adversarial,126,8,0.0,6,0,bb,dfs,sum_degree,2.0,0.0034973621368408,11,success,
adversarial,126,8,0.0,6,0,bb,dfs,packing,2.0,0.014277696609497,11,success,
adversarial,126,8,0.0,6,0,bb,dfs,both,2.0,0.0118014812469482,11,success,
adversarial,126,8,0.0,6,0,bb,best_first,sum_degree,2.0,0.0056602954864501,4,success,
adversarial,126,8,0.0,6,0,bb,best_first,packing,2.0,0.0059752464294433,4,success,
adversarial,126,8,0.0,6,0,bb,best_first,both,2.0,0.0111496448516845,4,success,
adversarial,126,8,0.0,6,1,greedy,,,6.0,0.000223159790039,1,success,
adversarial,126,8,0.0,6,1,bb,dfs,sum_degree,2.0,0.0061540603637695,5,success,
adversarial,126,8,0.0,6,1,bb,dfs,packing,2.0,0.0066690444946289,5,success,
adversarial,126,8,0.0,6,1,bb,dfs,both,2.0,0.0035905838012695,5,success,
adversarial,126,8,0.0,6,1,bb,best_first,sum_degree,2.0,0.0022883415222167,4,success,
adversarial,126,8,0.0,6,1,bb,best_first,packing,2.0,0.0026850700378417,3,success,
adversarial,126,8,0.0,6,1,bb,best_first,both,2.0,0.0042712688446044,3,success,
adversarial,126,8,0.0,6,2,greedy,,,6.0,0.0001916885375976,1,success,
adversarial,126,8,0.0,6,2,bb,dfs,sum_degree,2.0,0.002413272857666,13,success,
adversarial,126,8,0.0,6,2,bb,dfs,packing,2.0,0.0028529167175292,13,success,
adversarial,126,8,0.0,6,2,bb,dfs,both,2.0,0.0045807361602783,13,success,
adversarial,126,8,0.0,6,2,bb,best_first,sum_degree,2.0,0.001643419265747,4,success,
adversarial,126,8,0.0,6,2,bb,best_first,packing,2.0,0.0020771026611328,4,success,
adversarial,126,8,0.0,6,2,bb,best_first,both,2.0,0.0112221240997314,4,success,
adversarial,126,8,0.0,6,3,greedy,,,6.0,0.0001916885375976,1,success,
adversarial,126,8,0.0,6,3,bb,dfs,sum_degree,2.0,0.0064480304718017,14,success,
adversarial,126,8,0.0,6,3,bb,dfs,packing,2.0,0.0111060142517089,14,success,
adversarial,126,8,0.0,6,3,bb,dfs,both,2.0,0.0109200477600097,14,success,
adversarial,126,8,0.0,6,3,bb,best_first,sum_degree,2.0,0.0035657882690429,4,success,
adversarial,126,8,0.0,6,3,bb,best_first,packing,2.0,0.0039238929748535,4,success,
adversarial,126,8,0.0,6,3,bb,best_first,both,2.0,0.0071761608123779,4,success,
adversarial,126,8,0.0,6,4,greedy,,,6.0,0.0002026557922363,1,success,
adversarial,126,8,0.0,6,4,bb,dfs,sum_degree,2.0,0.0044481754302978,14,success,
adversarial,126,8,0.0,6,4,bb,dfs,packing,2.0,0.0050375461578369,14,success,
adversarial,126,8,0.0,6,4,bb,dfs,both,2.0,0.0107572078704833,14,success,
adversarial,126,8,0.0,6,4,bb,best_first,sum_degree,2.0,0.0036754608154296,4,success,
adversarial,126,8,0.0,6,4,bb,best_first,packing,2.0,0.0039732456207275,4,success,
adversarial,126,8,0.0,6,4,bb,best_first,both,2.0,0.0051548480987548,4,success,
adversarial,254,9,0.0,7,0,greedy,,,7.0,0.000345230102539,1,success,
adversarial,254,9,0.0,7,0,bb,dfs,sum_degree,2.0,0.0103905200958251,8,success,
adversarial,254,9,0.0,7,0,bb,dfs,packing,2.0,0.0097880363464355,8,success,
adversarial,254,9,0.0,7,0,bb,dfs,both,2.0,0.0157115459442138,8,success,
adversarial,254,9,0.0,7,0,bb,best_first,sum_degree,2.0,0.0071771144866943,4,success,
adversarial,254,9,0.0,7,0,bb,best_first,packing,2.0,0.010009765625,4,success,
adversarial,254,9,0.0,7,0,bb,best_first,both,2.0,0.0123224258422851,4,success,
adversarial,254,9,0.0,7,1,greedy,,,7.0,0.0003488063812255,1,success,
adversarial,254,9,0.0,7,1,bb,dfs,sum_degree,2.0,0.0090577602386474,16,success,
adversarial,254,9,0.0,7,1,bb,dfs,packing,2.0,0.011941909790039,16,success,
adversarial,254,9,0.0,7,1,bb,dfs,both,2.0,0.0198938846588134,16,success,
adversarial,254,9,0.0,7,1,bb,best_first,sum_degree,2.0,0.0071606636047363,4,success,
adversarial,254,9,0.0,7,1,bb,best_first,packing,2.0,0.0063748359680175,4,success,
adversarial,254,9,0.0,7,1,bb,best_first,both,2.0,0.0147171020507812,4,success,
adversarial,254,9,0.0,7,2,greedy,,,7.0,0.0003547668457031,1,success,
adversarial,254,9,0.0,7,2,bb,dfs,sum_degree,2.0,0.0119919776916503,5,success,
adversarial,254,9,0.0,7,2,bb,dfs,packing,2.0,0.0134649276733398,5,success,
adversarial,254,9,0.0,7,2,bb,dfs,both,2.0,0.012139081954956,5,success,
adversarial,254,9,0.0,7,2,bb,best_first,sum_degree,2.0,0.0080463886260986,4,success,
adversarial,254,9,0.0,7,2,bb,best_first,packing,2.0,0.0094988346099853,3,success,
adversarial,254,9,0.0,7,2,bb,best_first,both,2.0,0.0166285037994384,3,success,
adversarial,254,9,0.0,7,3,greedy,,,7.0,0.0003678798675537,1,success,
adversarial,254,9,0.0,7,3,bb,dfs,sum_degree,2.0,0.0083696842193603,8,success,
adversarial,254,9,0.0,7,3,bb,dfs,packing,2.0,0.0115749835968017,8,success,
adversarial,254,9,0.0,7,3,bb,dfs,both,2.0,0.0166151523590087,8,success,
adversarial,254,9,0.0,7,3,bb,best_first,sum_degree,2.0,0.0053732395172119,4,success,
adversarial,254,9,0.0,7,3,bb,best_first,packing,2.0,0.0078902244567871,4,success,
adversarial,254,9,0.0,7,3,bb,best_first,both,2.0,0.0142512321472167,4,success,
adversarial,254,9,0.0,7,4,greedy,,,7.0,0.0003430843353271,1,success,
adversarial,254,9,0.0,7,4,bb,dfs,sum_degree,2.0,0.0094151496887207,8,success,
adversarial,254,9,0.0,7,4,bb,dfs,packing,2.0,0.0095791816711425,8,success,
adversarial,254,9,0.0,7,4,bb,dfs,both,2.0,0.0192935466766357,8,success,
adversarial,254,9,0.0,7,4,bb,best_first,sum_degree,2.0,0.0052204132080078,4,success,
adversarial,254,9,0.0,7,4,bb,best_first,packing,2.0,0.0079283714294433,4,success,
adversarial,254,9,0.0,7,4,bb,best_first,both,2.0,0.012366771697998,4,success,
adversarial,510,10,0.0,8,0,greedy,,,8.0,0.0008785724639892,1,success,
adversarial,510,10,0.0,8,0,bb,dfs,sum_degree,2.0,0.0164599418640136,5,success,
adversarial,510,10,0.0,8,0,bb,dfs,packing,2.0,0.0224742889404296,5,success,
adversarial,510,10,0.0,8,0,bb,dfs,both,2.0,0.0246839523315429,5,success,
adversarial,510,10,0.0,8,0,bb,best_first,sum_degree,2.0,0.0163190364837646,4,success,
adversarial,510,10,0.0,8,0,bb,best_first,packing,2.0,0.0203518867492675,3,success,
adversarial,510,10,0.0,8,0,bb,best_first,both,2.0,0.0350055694580078,3,success,
adversarial,510,10,0.0,8,1,greedy,,,8.0,0.0008840560913085,1,success,
adversarial,510,10,0.0,8,1,bb,dfs,sum_degree,2.0,0.0177257061004638,5,success,
adversarial,510,10,0.0,8,1,bb,dfs,packing,2.0,0.0199294090270996,5,success,
adversarial,510,10,0.0,8,1,bb,dfs,both,2.0,0.0444772243499755,5,success,
adversarial,510,10,0.0,8,1,bb,best_first,sum_degree,2.0,0.0244715213775634,4,success,
adversarial,510,10,0.0,8,1,bb,best_first,packing,2.0,0.0308735370635986,3,success,
adversarial,510,10,0.0,8,1,bb,best_first,both,2.0,0.047616958618164,3,success,
adversarial,510,10,0.0,8,2,greedy,,,8.0,0.0008761882781982,1,success,
adversarial,510,10,0.0,8,2,bb,dfs,sum_degree,2.0,0.029794692993164,11,success,
adversarial,510,10,0.0,8,2,bb,dfs,packing,2.0,0.0356690883636474,11,success,
adversarial,510,10,0.0,8,2,bb,dfs,both,2.0,0.0603766441345214,11,success,
adversarial,510,10,0.0,8,2,bb,best_first,sum_degree,2.0,0.0161163806915283,4,success,
adversarial,510,10,0.0,8,2,bb,best_first,packing,2.0,0.0184063911437988,4,success,
adversarial,510,10,0.0,8,2,bb,best_first,both,2.0,0.0348637104034423,4,success,
adversarial,510,10,0.0,8,3,greedy,,,8.0,0.0049502849578857,1,success,
adversarial,510,10,0.0,8,3,bb,dfs,sum_degree,2.0,0.0247864723205566,8,success,
adversarial,510,10,0.0,8,3,bb,dfs,packing,2.0,0.0348453521728515,8,success,
adversarial,510,10,0.0,8,3,bb,dfs,both,2.0,0.0480475425720214,8,success,
adversarial,510,10,0.0,8,3,bb,best_first,sum_degree,2.0,0.02022385597229,4,success,
adversarial,510,10,0.0,8,3,bb,best_first,packing,2.0,0.031553030014038,4,success,
adversarial,510,10,0.0,8,3,bb,best_first,both,2.0,0.0420997142791748,4,success,
adversarial,510,10,0.0,8,4,greedy,,,8.0,0.0046756267547607,1,success,
adversarial,510,10,0.0,8,4,bb,dfs,sum_degree,2.0,0.0220804214477539,5,success,
adversarial,510,10,0.0,8,4,bb,dfs,packing,2.0,0.0330700874328613,5,success,
adversarial,510,10,0.0,8,4,bb,dfs,both,2.0,0.0422806739807128,5,success,
adversarial,510,10,0.0,8,4,bb,best_first,sum_degree,2.0,0.0381603240966796,4,success,
adversarial,510,10,0.0,8,4,bb,best_first,packing,2.0,0.0331561565399169,3,success,
adversarial,510,10,0.0,8,4,bb,best_first,both,2.0,0.0525646209716796,3,success,
adversarial,1022,11,0.0,9,0,greedy,,,9.0,0.005767822265625,1,success,
adversarial,1022,11,0.0,9,0,bb,dfs,sum_degree,2.0,0.0450761318206787,11,success,
adversarial,1022,11,0.0,9,0,bb,dfs,packing,2.0,0.0495858192443847,11,success,
adversarial,1022,11,0.0,9,0,bb,dfs,both,2.0,0.0494873523712158,11,success,
adversarial,1022,11,0.0,9,0,bb,best_first,sum_degree,2.0,0.0132861137390136,4,success,
adversarial,1022,11,0.0,9,0,bb,best_first,packing,2.0,0.036973237991333,4,success,
adversarial,1022,11,0.0,9,0,bb,best_first,both,2.0,0.053333044052124,4,success,
adversarial,1022,11,0.0,9,1,greedy,,,9.0,0.0038018226623535,1,success,
adversarial,1022,11,0.0,9,1,bb,dfs,sum_degree,2.0,0.0451838970184326,5,success,
adversarial,1022,11,0.0,9,1,bb,dfs,packing,2.0,0.1155588626861572,5,success,
adversarial,1022,11,0.0,9,1,bb,dfs,both,2.0,0.0347249507904052,5,success,
adversarial,1022,11,0.0,9,1,bb,best_first,sum_degree,2.0,0.0357465744018554,4,success,
adversarial,1022,11,0.0,9,1,bb,best_first,packing,2.0,0.0662846565246582,3,success,
adversarial,1022,11,0.0,9,1,bb,best_first,both,2.0,0.091278076171875,3,success,
adversarial,1022,11,0.0,9,2,greedy,,,9.0,0.0057706832885742,1,success,
adversarial,1022,11,0.0,9,2,bb,dfs,sum_degree,2.0,0.0420711040496826,8,success,
adversarial,1022,11,0.0,9,2,bb,dfs,packing,2.0,0.0632264614105224,8,success,
adversarial,1022,11,0.0,9,2,bb,dfs,both,2.0,0.0692286491394043,8,success,
adversarial,1022,11,0.0,9,2,bb,best_first,sum_degree,2.0,0.0282375812530517,4,success,
adversarial,1022,11,0.0,9,2,bb,best_first,packing,2.0,0.0423736572265625,4,success,
adversarial,1022,11,0.0,9,2,bb,best_first,both,2.0,0.2082574367523193,4,success,
adversarial,1022,11,0.0,9,3,greedy,,,9.0,0.0049948692321777,1,success,
adversarial,1022,11,0.0,9,3,bb,dfs,sum_degree,2.0,0.0360443592071533,5,success,
adversarial,1022,11,0.0,9,3,bb,dfs,packing,2.0,0.0479340553283691,5,success,
adversarial,1022,11,0.0,9,3,bb,dfs,both,2.0,0.0535037517547607,5,success,
adversarial,1022,11,0.0,9,3,bb,best_first,sum_degree,2.0,0.0518796443939209,4,success,
adversarial,1022,11,0.0,9,3,bb,best_first,packing,2.0,0.0727922916412353,3,success,
adversarial,1022,11,0.0,9,3,bb,best_first,both,2.0,0.2339615821838379,3,success,
adversarial,1022,11,0.0,9,4,greedy,,,9.0,0.0038332939147949,1,success,
adversarial,1022,11,0.0,9,4,bb,dfs,sum_degree,2.0,0.037961721420288,8,success,
adversarial,1022,11,0.0,9,4,bb,dfs,packing,2.0,0.0461630821228027,8,success,
adversarial,1022,11,0.0,9,4,bb,dfs,both,2.0,0.0670216083526611,8,success,
adversarial,1022,11,0.0,9,4,bb,best_first,sum_degree,2.0,0.0273261070251464,4,success,
adversarial,1022,11,0.0,9,4,bb,best_first,packing,2.0,0.0350780487060546,4,success,
adversarial,1022,11,0.0,9,4,bb,best_first,both,2.0,0.05271577835083,4,success,
adversarial,2046,12,0.0,10,0,greedy,,,10.0,0.0080773830413818,1,success,
adversarial,2046,12,0.0,10,0,bb,dfs,sum_degree,2.0,0.0858802795410156,5,success,
adversarial,2046,12,0.0,10,0,bb,dfs,packing,2.0,0.245068073272705,5,success,
adversarial,2046,12,0.0,10,0,bb,dfs,both,2.0,0.1124396324157714,5,success,
adversarial,2046,12,0.0,10,0,bb,best_first,sum_degree,2.0,0.0505611896514892,4,success,
adversarial,2046,12,0.0,10,0,bb,best_first,packing,2.0,0.0486912727355957,3,success,
adversarial,2046,12,0.0,10,0,bb,best_first,both,2.0,0.0741574764251709,3,success,
adversarial,2046,12,0.0,10,1,greedy,,,10.0,0.0039076805114746,1,success,
adversarial,2046,12,0.0,10,1,bb,dfs,sum_degree,2.0,0.0353622436523437,5,success,
adversarial,2046,12,0.0,10,1,bb,dfs,packing,2.0,0.0478596687316894,5,success,
adversarial,2046,12,0.0,10,1,bb,dfs,both,2.0,0.1858172416687011,5,success,
adversarial,2046,12,0.0,10,1,bb,best_first,sum_degree,2.0,0.0344946384429931,4,success,
adversarial,2046,12,0.0,10,1,bb,best_first,packing,2.0,0.0430073738098144,3,success,
adversarial,2046,12,0.0,10,1,bb,best_first,both,2.0,0.0710937976837158,3,success,
adversarial,2046,12,0.0,10,2,greedy,,,10.0,0.0038678646087646,1,success,
adversarial,2046,12,0.0,10,2,bb,dfs,sum_degree,2.0,0.0351240634918212,5,success,
adversarial,2046,12,0.0,10,2,bb,dfs,packing,2.0,0.0478987693786621,5,success,
adversarial,2046,12,0.0,10,2,bb,dfs,both,2.0,0.0552473068237304,5,success,
adversarial,2046,12,0.0,10,2,bb,best_first,sum_degree,2.0,0.0350401401519775,4,success,
adversarial,2046,12,0.0,10,2,bb,best_first,packing,2.0,0.0519812107086181,3,success,
adversarial,2046,12,0.0,10,2,bb,best_first,both,2.0,0.2965893745422363,3,success,
adversarial,2046,12,0.0,10,3,greedy,,,10.0,0.0098133087158203,1,success,
adversarial,2046,12,0.0,10,3,bb,dfs,sum_degree,2.0,0.0705833435058593,5,success,
adversarial,2046,12,0.0,10,3,bb,dfs,packing,2.0,0.0881185531616211,5,success,
adversarial,2046,12,0.0,10,3,bb,dfs,both,2.0,0.1114137172698974,5,success,
adversarial,2046,12,0.0,10,3,bb,best_first,sum_degree,2.0,0.0680522918701171,4,success,
adversarial,2046,12,0.0,10,3,bb,best_first,packing,2.0,0.1031229496002197,3,success,
adversarial,2046,12,0.0,10,3,bb,best_first,both,2.0,0.1456866264343261,3,success,
adversarial,2046,12,0.0,10,4,greedy,,,10.0,0.0109615325927734,1,success,
adversarial,2046,12,0.0,10,4,bb,dfs,sum_degree,2.0,0.0739417076110839,8,success,
adversarial,2046,12,0.0,10,4,bb,dfs,packing,2.0,0.2338666915893554,8,success,
adversarial,2046,12,0.0,10,4,bb,dfs,both,2.0,0.1573226451873779,8,success,
adversarial,2046,12,0.0,10,4,bb,best_first,sum_degree,2.0,0.0548410415649414,4,success,
adversarial,2046,12,0.0,10,4,bb,best_first,packing,2.0,0.0720415115356445,4,success,
adversarial,2046,12,0.0,10,4,bb,best_first,both,2.0,0.1088230609893798,4,success,
